sample_id,text,pose_path
train_000000,Hơn 50.000 ngôi nhà của người dân bị ngập do mưa lũ.,/workspace/datdq/SignWeather/data/scene_keypoints/v183/scene_006.json
train_000002,nước lũ dâng cao ở 11 làng mạc trên đảo. Một số tuyến đường cao tốc và các cây cầu bị ngập nước.,/workspace/datdq/SignWeather/data/scene_keypoints/v148/scene_006.json
train_000004,"Đến ngày Chủ nhật, trời sẽ ấm lên nhanh và nhiệt độ tăng lên mức là 24 độ.",/workspace/datdq/SignWeather/data/scene_keypoints/v067/scene_007.json
train_000005,"Từ Quảng Trị đến Quảng Ngãi, trời cũng chuyển dét với nhiệt độ thấp nhất là 14 đến 18 độ.",/workspace/datdq/SignWeather/data/scene_keypoints/v267/scene_005.json
train_000006,"Vùng trung tâm liên bang Phần Châu của nước Nga cũng chứng kiến được nắng nóng bất thường,",/workspace/datdq/SignWeather/data/scene_keypoints/v051/scene_004.json
train_000007,"Còn từ sáng đến chiều trời nắng 20 độ, ban đêm khá là rét 16 độ.",/workspace/datdq/SignWeather/data/scene_keypoints/v137/scene_008.json
train_000012,"Đà Nẵng sẽ có mưa rào bất chợt trong đêm nay, với nhiệt độ mát mẻ khoảng 25 độ.",/workspace/datdq/SignWeather/data/scene_keypoints/v034/scene_009.json
train_000014,"vì đây là lúc rét nhất của đợt, nhiệt độ sẽ dưới mức 0 độ C.",/workspace/datdq/SignWeather/data/scene_keypoints/v009/scene_006.json
train_000018,Chiều tối mưa rào thoáng qua.,/workspace/datdq/SignWeather/data/scene_keypoints/v195/scene_011.json
train_000020,"Vâng, hiện tại không khí lạnh đã gây mưa và gió rét tới một số nơi ở vùng núi phía Bắc",/workspace/datdq/SignWeather/data/scene_keypoints/v009/scene_001.json
train_000021,"Còn với 4 ngày đầu tuần, khả năng là trời vẫn rét về đêm và sáng sớm khi nhiệt độ dưới 15 độ.",/workspace/datdq/SignWeather/data/scene_keypoints/v137/scene_005.json
train_000022,"Chào chị Hương Liên, miền Bắc của chúng ta vừa trải qua một đợt mưa lớn,",/workspace/datdq/SignWeather/data/scene_keypoints/v017/scene_002.json
train_000028,Nguy cơ rất cao xảy ra hiện tượng lũ quét sạt lở đất,/workspace/datdq/SignWeather/data/scene_keypoints/v207/scene_005.json
train_000031,"Giống như nhiều địa phương miền Trung khác, chỉ trong ba tuần, Thừa Thiên Huế đã phải hứng chịu ba trận lũ liên tiếp, với mực nước trên sông Bồ vượt mức lũ lịch sử ghi nhận vào năm 1999.",/workspace/datdq/SignWeather/data/scene_keypoints/v046/scene_004.json
train_000032,"Nhiệt độ thấp, độ ẩm cao cùng với gió sẽ khiến quý vị cảm thấy rét hơn khoảng 2-3 độ khi ra đường vào buổi tối.",/workspace/datdq/SignWeather/data/scene_keypoints/v174/scene_005.json
train_000033,"Những vùng mây rông phát triển đậm đặc và gây mưa, tức là những vùng màu cam và đỏ đậm",/workspace/datdq/SignWeather/data/scene_keypoints/v029/scene_003.json
train_000039,"Thành phố Nha Trang đêm nay không có mưa, trời mát với nhiệt độ 26 độ.",/workspace/datdq/SignWeather/data/scene_keypoints/v036/scene_016.json
train_000041,Từ đêm nay thì mưa sẽ tăng dần lên ở khu vực Bình Định đến Ninh Thuận và cả Nam Tây Nguyên.,/workspace/datdq/SignWeather/data/scene_keypoints/v063/scene_003.json
train_000043,"Sang ngày mai, dự báo nhiệt độ sẽ tăng thêm 1-2 độ nữa.",/workspace/datdq/SignWeather/data/scene_keypoints/v133/scene_005.json
train_000049,Mưa sẽ còn trong tối nay và ngày mai nữa.,/workspace/datdq/SignWeather/data/scene_keypoints/v076/scene_005.json
train_000054,Còn khu vực Hà Tĩnh đến Quảng Ngãi mưa kéo dài 2 ngày tới.,/workspace/datdq/SignWeather/data/scene_keypoints/v188/scene_018.json
train_000056,và đến cuối tuần có thể lên 34 độ.,/workspace/datdq/SignWeather/data/scene_keypoints/v139/scene_006.json
train_000058,tiến về phía vịnh Bắc Bộ và đến khoảng chiều mai thì bão sẽ đổ bộ vào đất liền,/workspace/datdq/SignWeather/data/scene_keypoints/v229/scene_007.json
train_000063,Nguy cơ sạt lở sẽ gia tăng khi mưa quay trở lại.,/workspace/datdq/SignWeather/data/scene_keypoints/v081/scene_004.json
train_000064,"Theo Cơ quan khí tượng địa phương, mưa đá có đường kính từ 1 đến 3 cm đã rơi xuống một số địa phương và hòn đảo phía đông thành phố.",/workspace/datdq/SignWeather/data/scene_keypoints/v069/scene_002.json
train_000068,"Hiện tại, mưa đã ngớt trên địa bàn tỉnh Quảng Bình, nước tại các sông đã rút nhưng vẫn diễn ra rất chậm.",/workspace/datdq/SignWeather/data/scene_keypoints/v255/scene_001.json
train_000076,"Chiều nay, tại khu vực Đông Bắc Biển Đông đã xuất hiện một áp thấp nhiệt đới.",/workspace/datdq/SignWeather/data/scene_keypoints/v035/scene_002.json
train_000077,Vùng nguy hiểm trên Biển Đông trong 24 giờ tới nằm giữa vĩ tuyến 16 đến 20 độ vĩ Bắc và từ 109 đến 117 độ kinh Đông.,/workspace/datdq/SignWeather/data/scene_keypoints/v152/scene_005.json
train_000079,nhiệt độ về đêm chỉ còn là 19 độ.,/workspace/datdq/SignWeather/data/scene_keypoints/v207/scene_008.json
train_000081,"Thành phố Hồ Chí Minh đêm nay không có mưa, nhiệt độ 25 độ.",/workspace/datdq/SignWeather/data/scene_keypoints/v041/scene_016.json
train_000082,"Trên bản đồ dự báo cũng có thể thấy là diện mưa rộng khắp từ Quảng Bình trở xuống tới tận Bình Thuận,",/workspace/datdq/SignWeather/data/scene_keypoints/v272/scene_004.json
train_000085,"Đêm nay thì trời vẫn xét với mức nhiệt chỉ 8 độ thôi, thế nhưng từ đêm mai sẽ tăng rõ lên mức 11 độ và tiếp tục tăng lên 14 độ vào đêm của ngày thứ ba tuần sau.",/workspace/datdq/SignWeather/data/scene_keypoints/v167/scene_003.json
train_000086,"Thưa chị Hương Liên, Bắc Bộ và Bắc Trung Bộ đang trong một đợt mưa lớn.",/workspace/datdq/SignWeather/data/scene_keypoints/v204/scene_001.json
train_000089,"Sang ngày mai, nắng mạnh, ở lâu ngoài trời hơi nóng, cao nhất là 31 độ.",/workspace/datdq/SignWeather/data/scene_keypoints/v037/scene_008.json
train_000090,Vẫn có thể sẽ gây ra sạt lở đất ở vùng núi của Bắc Bộ và Bắc Trung Bộ,/workspace/datdq/SignWeather/data/scene_keypoints/v157/scene_005.json
train_000093,Cảnh báo 3 ngày tới ở đây đều có thể có mưa tuyết cùng băng giá về đêm và sáng sớm,/workspace/datdq/SignWeather/data/scene_keypoints/v009/scene_005.json
train_000095,"Đêm nay, tại Đồng Hới sẽ có mưa to đến rất to, gió mạnh cấp 6 đến cấp 7.",/workspace/datdq/SignWeather/data/scene_keypoints/v074/scene_009.json
train_000096,"Lượng mưa phổ biến từ 50 đến 150mm, có nơi trên 150mm.",/workspace/datdq/SignWeather/data/scene_keypoints/v256/scene_001.json
train_000101,Tỉnh Quảng Nam sau đợt báo số 12 vừa rồi đã cảnh báo có tới 93 điểm có nguy cơ sạt lở ở 9 huyện miền núi.,/workspace/datdq/SignWeather/data/scene_keypoints/v104/scene_011.json
train_000102,"Lực lượng ứng trực luôn sẵn sàng cứu hộ cho người dân khi cần thiết, đồng thời thường xuyên nắm bắt thông tin về tình hình mưa bão.",/workspace/datdq/SignWeather/data/scene_keypoints/v059/scene_010.json
train_000105,"Trở ra khu vực miền trung, thời tiết đang có xu hướng tốt lên, mưa chỉ còn xảy ra ở khu vực từ Quảng Bình trở vào cho tới Quảng Nam và vào giờ sáng ngày mai thôi.",/workspace/datdq/SignWeather/data/scene_keypoints/v097/scene_006.json
train_000108,"Tại tỉnh Quảng Nam, tình trạng ngập lụt đã giảm đáng kể trong những ngày qua.",/workspace/datdq/SignWeather/data/scene_keypoints/v071/scene_006.json
train_000109,"Buổi đêm và sáng sớm, trời se lạnh, nhiệt độ thấp nhất là 21 độ.",/workspace/datdq/SignWeather/data/scene_keypoints/v014/scene_014.json
train_000111,Đến 16h thì nhiệt độ đã tăng lên mức là 24 độ.,/workspace/datdq/SignWeather/data/scene_keypoints/v033/scene_001.json
train_000115,"Ngày mai có mưa vừa mưa to, nhiệt độ không quá 24 độ.",/workspace/datdq/SignWeather/data/scene_keypoints/v261/scene_012.json
train_000117,"Sapa đêm nay sáng sớm mai có sương mù nhẹ, vẫn rét, nhiệt độ thấp nhất chỉ khoảng 7 độ.",/workspace/datdq/SignWeather/data/scene_keypoints/v258/scene_010.json
train_000120,tại khu vực đang phải hứng chịu các trận mưa lớn gây lũ lụt chưa từng có trong 60 năm qua.,/workspace/datdq/SignWeather/data/scene_keypoints/v093/scene_001.json
train_000123,"Từ sáng nay, hàng trăm điểm sạt lở lớn nhỏ và nhiều ngầm tạm đã bị nước cuốn trôi.",/workspace/datdq/SignWeather/data/scene_keypoints/v065/scene_003.json
train_000124,Với lượng mưa từ đêm nay cho đến ngày 12 tháng 11 phổ biến là từ 200 cho đến 400mm của cả đợt,/workspace/datdq/SignWeather/data/scene_keypoints/v138/scene_003.json
train_000125,"Tại A Lưỡi, Thử Thiên Huế là 593 mm.",/workspace/datdq/SignWeather/data/scene_keypoints/v127/scene_003.json
train_000129,"Đến 16 giờ ngày mai, tâm bão ở ngay trên khu vực phía đông đảo Hải Nam, Trung Quốc.",/workspace/datdq/SignWeather/data/scene_keypoints/v148/scene_002.json
train_000136,"Đối với thành phố Hải Phòng vào đêm nay và sáng mai thì sẽ không có mưa, trời sương mù 18 độ.",/workspace/datdq/SignWeather/data/scene_keypoints/v077/scene_003.json
train_000142,"Hôm nay, tại địa bàn huyện Đa Cá Rông, mưa rất to, nước dâng lên rất cao.",/workspace/datdq/SignWeather/data/scene_keypoints/v144/scene_007.json
train_000144,"Thưa quý vị, sau 2 ngày diễn ra mưa lớn và sạt lở nặng, huyện vùng cao Nam Trà My của tỉnh Quảng Nam đã bị cô lập.",/workspace/datdq/SignWeather/data/scene_keypoints/v062/scene_001.json
train_000145,"Tại thủ đô Hà Nội, đêm nay tạnh ráo, trời rét 14 độ.",/workspace/datdq/SignWeather/data/scene_keypoints/v126/scene_013.json
train_000146,"Trong thành phố Hồ Chí Minh và nhiều thành phố khác của khu vực Nam Bộ, trời khá nóng vào trưa chiều, nhiệt độ phổ biến từ 33 đến 34 độ.",/workspace/datdq/SignWeather/data/scene_keypoints/v270/scene_009.json
train_000148,"Đà Lạt đêm nay tạnh ráo, trời rét 15 độ.",/workspace/datdq/SignWeather/data/scene_keypoints/v110/scene_010.json
train_000151,Toàn bộ tàu thuyền hoạt động trong vùng nguy hiểm đều có nguy cơ chịu tác động của gió giật mạnh và sóng lớn.,/workspace/datdq/SignWeather/data/scene_keypoints/v080/scene_003.json
train_000156,"Dự báo đến đêm nay và sáng mai, nước lũ sẽ rút thêm khoảng 46 cm nữa, nhưng vẫn cao trên báo động 3 khoảng nửa mét.",/workspace/datdq/SignWeather/data/scene_keypoints/v015/scene_005.json
train_000158,"Sau đó trong sáng mai, vùng gần tâm bão có khả năng đi vào khu vực đất liền Quảng Bình và Quảng Trị",/workspace/datdq/SignWeather/data/scene_keypoints/v249/scene_010.json
train_000162,"Sáng đến trưa trời nắng, nhiệt độ cao nhất 32-33 độ.",/workspace/datdq/SignWeather/data/scene_keypoints/v238/scene_016.json
train_000163,Mưa lớn đã khiến mức nước trong đập lên cao 10m.,/workspace/datdq/SignWeather/data/scene_keypoints/v120/scene_007.json
train_000165,"Ngày mai trời nắng nóng 37 độ, chiều tối khả năng có dông nhiệt.",/workspace/datdq/SignWeather/data/scene_keypoints/v058/scene_008.json
train_000166,"Đến ngày 11 tháng 11, vùng mưa lớn sẽ dần dịch chuyển lên phía Bắc, tập trung từ Quảng Bình đến Quảng Ngãi.",/workspace/datdq/SignWeather/data/scene_keypoints/v163/scene_007.json
train_000169,Cơn bão số 10 đang được theo dõi chặt chẽ trong những ngày qua.,/workspace/datdq/SignWeather/data/scene_keypoints/v153/scene_003.json
train_000172,Dự báo vùng Z sẽ trải rộng từ khu vực miền Bắc xuống tới cả khu vực Bắc Trung Bộ.,/workspace/datdq/SignWeather/data/scene_keypoints/v193/scene_004.json
train_000173,"Thay vào đó, thời tiết lại nắng mạnh và nóng.",/workspace/datdq/SignWeather/data/scene_keypoints/v223/scene_002.json
train_000177,Những ngày trước Tết này ở miền Bắc lại đang có vẻ ấm lên.,/workspace/datdq/SignWeather/data/scene_keypoints/v016/scene_002.json
train_000178,"Khi có gió bão đến cấp 8, việc đóng đường sẽ được thực hiện.",/workspace/datdq/SignWeather/data/scene_keypoints/v059/scene_013.json
train_000179,Ở Bắc Bộ sẽ không chịu tác động của bão.,/workspace/datdq/SignWeather/data/scene_keypoints/v259/scene_013.json
train_000182,"Thưa quý vị, mưa lớn đã quay trở lại khu vực trung bộ từ đêm qua, với lượng mưa có nơi lên tới 700mm.",/workspace/datdq/SignWeather/data/scene_keypoints/v164/scene_001.json
train_000183,Toàn bộ tàu thuyền hoạt động trong vùng nguy hiểm đều có nguy cơ cao chịu tác động của gió giật mạnh.,/workspace/datdq/SignWeather/data/scene_keypoints/v190/scene_005.json
train_000185,Và khi đó thì trời sẽ có mưa to ở nhiều nơi,/workspace/datdq/SignWeather/data/scene_keypoints/v138/scene_001.json
train_000188,Đặc biệt là từ ngày 23 đến sáng nay thì lượng mưa trên các tuyến của tỉnh Quảng Nam cũng khá lớn.,/workspace/datdq/SignWeather/data/scene_keypoints/v080/scene_006.json
train_000189,"Với thành phố Huế đêm nay vẫn xảy ra mưa rét, nhiệt độ thấp nhất khoảng 18 độ.",/workspace/datdq/SignWeather/data/scene_keypoints/v073/scene_007.json
train_000191,ngày mai trời vẫn sẽ nắng và nóng nhiều.,/workspace/datdq/SignWeather/data/scene_keypoints/v102/scene_001.json
train_000192,"Hương Anh Dương, chiều nay thì miền Bắc có khoảng tạm giảm mưa, nơi xảy ra mưa rông mạnh là khu vực Tây Nguyên và Nam Bộ.",/workspace/datdq/SignWeather/data/scene_keypoints/v078/scene_002.json
train_000194,"Sức gió ở trung tâm vùng áp thấp giảm xuống dưới cấp 6, dự báo trong 24h tới vùng áp thấp di chuyển",/workspace/datdq/SignWeather/data/scene_keypoints/v032/scene_002.json
train_000195,"Sương mù ở đây xuất hiện gần như quanh năm, nhưng dày đặc nhất vào khoảng từ tháng 11 năm trước đến hết tháng 3 năm sau.",/workspace/datdq/SignWeather/data/scene_keypoints/v206/scene_003.json
train_000196,"Có những nơi mưa to với lượng từ 25-50mm trong 1 giờ, tương ứng với những vùng có độ phản hồi màu xanh đậm này.",/workspace/datdq/SignWeather/data/scene_keypoints/v078/scene_006.json
train_000197,"Nhiệt độ cao nhất tại nhiều nơi sẽ lên mức 33-34 độ, khá nóng.",/workspace/datdq/SignWeather/data/scene_keypoints/v133/scene_007.json
train_000201,Tỉnh Thừa Thiên Huế đang khẩn trương chuẩn bị các biện pháp ứng phó với bão.,/workspace/datdq/SignWeather/data/scene_keypoints/v101/scene_006.json
train_000204,Theo dự báo là trong đêm nay và ngày mai thì không khí lạnh sẽ tiếp tục dồn xuống.,/workspace/datdq/SignWeather/data/scene_keypoints/v151/scene_002.json
train_000205,Dự báo là mưa sẽ còn tiếp diễn từ đêm nay cho đến thứ Tư.,/workspace/datdq/SignWeather/data/scene_keypoints/v235/scene_006.json
train_000207,Nhiều ngôi nhà tại huyện Sa Thầy đã bị gió thổi tốc mái.,/workspace/datdq/SignWeather/data/scene_keypoints/v120/scene_006.json
train_000209,"Tỉnh Thanh Hóa đã cấm biển từ 17 giờ chiều qua cho đến khi bão tan tại khu neo đậu tàu thuyền Cảng Hới,",/workspace/datdq/SignWeather/data/scene_keypoints/v032/scene_005.json
train_000211,Ngập lụt xảy ra trên diện rộng ở toàn bộ 6 tỉnh thành trung trung bộ.,/workspace/datdq/SignWeather/data/scene_keypoints/v127/scene_002.json
train_000218,Đợt không khí lạnh sắp tới có cường độ không mạnh và sẽ chưa đủ để làm thời tiết miền Bắc chuyển sang rét.,/workspace/datdq/SignWeather/data/scene_keypoints/v082/scene_002.json
train_000219,Thành phố Hồ Chí Minh đêm nay sẽ tạnh ráo với nhiệt độ 25 độ C.,/workspace/datdq/SignWeather/data/scene_keypoints/v135/scene_008.json
train_000225,"Sang đến ngày mai, tình trạng ngập sẽ diễn ra khoảng từ 19h đến 21h.",/workspace/datdq/SignWeather/data/scene_keypoints/v036/scene_008.json
train_000226,"Thành phố Hồ Chí Minh đêm nay không có mưa, thời tiết mát mẻ với nhiệt độ 24 độ.",/workspace/datdq/SignWeather/data/scene_keypoints/v218/scene_012.json
train_000228,"Ngay từ đầu giờ chiều hôm nay, nhiều nơi ở miền Bắc đã xuất hiện nắng ấm.",/workspace/datdq/SignWeather/data/scene_keypoints/v159/scene_002.json
train_000230,"Mùa băng giá hiện đã xuất hiện, nhưng tôi dự đoán rằng nó sẽ không kéo dài lâu trong thời gian tới.",/workspace/datdq/SignWeather/data/scene_keypoints/v209/scene_001.json
train_000231,"Sau 14h thì trời sẽ có mưa rông, có nơi mưa vừa mưa to.",/workspace/datdq/SignWeather/data/scene_keypoints/v022/scene_005.json
train_000233,"Băng giá xuất hiện từ đêm qua phủ dày trên các tán cây, mặt cỏ, mái nhà.",/workspace/datdq/SignWeather/data/scene_keypoints/v166/scene_002.json
train_000234,Một trong những yếu tố gây khó khăn lớn nhất cho công tác cứu nạn tàu Việt Ship 01 vừa qua là thời tiết.,/workspace/datdq/SignWeather/data/scene_keypoints/v229/scene_001.json
train_000236,"Thành phố Nha Trang đêm nay và ngày mai có mưa vừa đến mưa to, trời se lạnh, nhiệt độ không vượt quá 26 độ.",/workspace/datdq/SignWeather/data/scene_keypoints/v117/scene_010.json
train_000237,Không chỉ TP.HCM mà nhiều địa phương khác ở hạ lưu sông Cửu Long cũng sẽ trải qua đợt triều cường cao trong thời gian này.,/workspace/datdq/SignWeather/data/scene_keypoints/v034/scene_003.json
train_000239,Cần đề phòng gió giật và sấm sét kèm theo mưa.,/workspace/datdq/SignWeather/data/scene_keypoints/v201/scene_009.json
train_000240,Mùa mưa bão ở miền Trung bắt đầu dồn dập từ ngày 6 tháng 10.,/workspace/datdq/SignWeather/data/scene_keypoints/v002/scene_002.json
train_000241,"Tuyến phố này ngập sâu đến 3 mét và bắt đầu từ 8 giờ sáng nay, nước đã rút hoàn toàn.",/workspace/datdq/SignWeather/data/scene_keypoints/v216/scene_013.json
train_000242,"Theo dự báo, cơn bão số 7 có khả năng ảnh hưởng trực tiếp đến khu vực Bắc Trung Bộ và Bắc Bộ",/workspace/datdq/SignWeather/data/scene_keypoints/v127/scene_005.json
train_000243,"Ngày mai nắng sớm, giữa trưa khá nóng, 35 độ.",/workspace/datdq/SignWeather/data/scene_keypoints/v010/scene_004.json
train_000247,"Tuy nhiên, sau mưa lớn vẫn còn nguy cơ xảy ra sạt lở đất đá",/workspace/datdq/SignWeather/data/scene_keypoints/v183/scene_010.json
train_000248,Nhiệt độ là từ 20 độ trở lên.,/workspace/datdq/SignWeather/data/scene_keypoints/v258/scene_004.json
train_000250,"Ngay trong tối và đêm nay, dự báo lũ trên sông Thạch Hán ở Quảng Trị",/workspace/datdq/SignWeather/data/scene_keypoints/v127/scene_004.json
train_000251,"Hiện thì bão vẫn đang trong thời kỳ mạnh nhất, cấp 12, giật cấp 15.",/workspace/datdq/SignWeather/data/scene_keypoints/v104/scene_001.json
train_000253,"Cụ thể là tại thành phố Hồ Chí Minh, Đồng Nai, Bình Dương, Bình Phước hay là Tây Ninh thì mức nhiệt đều cao trong khoảng là 33-34 độ.",/workspace/datdq/SignWeather/data/scene_keypoints/v067/scene_008.json
train_000255,"Sáng ngày mai, nắng mạnh, nhiệt độ tăng lên 37 độ.",/workspace/datdq/SignWeather/data/scene_keypoints/v084/scene_012.json
train_000257,"Dự báo nắng sẽ tiếp tục duy trì trong những ngày tới, tạo ra sự khác biệt rõ rệt giữa cảm giác ban ngày và ban đêm.",/workspace/datdq/SignWeather/data/scene_keypoints/v193/scene_003.json
train_000260,Nhiều huyện thị trên địa bàn tỉnh đã có thiệt hại do mưa bão gây ra.,/workspace/datdq/SignWeather/data/scene_keypoints/v120/scene_005.json
train_000264,"Tại xã Hải Phong, huyện Hải Lăng, mặc dù mưa đã giảm, tuy nhiên hơn 500 nhà dân đang bị ngập từ 0,3 đến 0,5m.",/workspace/datdq/SignWeather/data/scene_keypoints/v104/scene_009.json
train_000265,"Ở khu vực Bắc Bộ, ngày mai nắng từ sớm và kéo dài cho tới chiều.",/workspace/datdq/SignWeather/data/scene_keypoints/v097/scene_008.json
train_000266,Toàn bộ tàu thuyền hoạt động trong vùng nguy hiểm đều có nguy cơ cao chịu tác động của gió giật mạnh.,/workspace/datdq/SignWeather/data/scene_keypoints/v104/scene_004.json
train_000267,Ngày mai nắng từ sáng đến chiều 24 độ.,/workspace/datdq/SignWeather/data/scene_keypoints/v189/scene_011.json
train_000269,"ban ngày vẫn có nắng, nhiệt độ cao nhất 2 ngày tới 31-32 độ.",/workspace/datdq/SignWeather/data/scene_keypoints/v038/scene_017.json
train_000270,"Do thời tiết diễn biến phức tạp, tình trạng ngập lụt và sạt lở lớn đã khiến công tác cứu hộ gặp nhiều khó khăn.",/workspace/datdq/SignWeather/data/scene_keypoints/v243/scene_001.json
train_000271,"Huế đêm nay tạnh sáo, trời có gió thổi nhẹ, nhiệt độ thấp nhất 24 độ.",/workspace/datdq/SignWeather/data/scene_keypoints/v084/scene_011.json
train_000273,Còn về cơn bão số 11 thì đến chiều nay đã suy yếu thành áp thấp nhiệt đới,/workspace/datdq/SignWeather/data/scene_keypoints/v002/scene_004.json
train_000279,Chỉ đạo triển khai phương án ứng phó với mưa lớn và gió mạnh để giảm thiểu rủi ro do thiên tai gây ra.,/workspace/datdq/SignWeather/data/scene_keypoints/v045/scene_007.json
train_000283,Tổng lượng mưa tại khu vực này dự kiến sẽ dao động từ 50 đến 150 mm.,/workspace/datdq/SignWeather/data/scene_keypoints/v028/scene_007.json
train_000285,Áp thấp nhiệt đới có khả năng mạnh lên thành bão và di chuyển vào khu vực Nam của Trung Bộ.,/workspace/datdq/SignWeather/data/scene_keypoints/v163/scene_002.json
train_000287,nước đổ về lòng hồ đạt từ 1.500 đến 2.000 m3 trên 1 giây.,/workspace/datdq/SignWeather/data/scene_keypoints/v127/scene_023.json
train_000289,Bão cũng đã gây ra sự cố hệ thống truyền tải điện ở nhiều địa phương.,/workspace/datdq/SignWeather/data/scene_keypoints/v188/scene_006.json
train_000292,"Đắc Lắc, Đắc Nông, Lâm Đồng là những nơi nằm trong vùng cảnh báo có nguy cơ cao.",/workspace/datdq/SignWeather/data/scene_keypoints/v038/scene_013.json
train_000297,Trong ngày hôm nay thì bão số 13 đã gây mưa cho các tỉnh trung bộ,/workspace/datdq/SignWeather/data/scene_keypoints/v249/scene_003.json
train_000301,"Ngày mai mưa muộn về chiều tối, ban ngày có nắng 25 độ.",/workspace/datdq/SignWeather/data/scene_keypoints/v008/scene_008.json
train_000302,"Đến trưa chiều mai mưa ngớt, toàn miền Bắc đều có nắng và cảm giác oi nóng trở lại.",/workspace/datdq/SignWeather/data/scene_keypoints/v146/scene_005.json
train_000303,Quảng Trị đến Quảng Nam thì mưa đến ngày mai lượng khoảng 50-100mm và có nơi trên 100mm.,/workspace/datdq/SignWeather/data/scene_keypoints/v057/scene_002.json
train_000304,Không khí lạnh tràn về còn gây mưa diện rộng từ Nghệ An xuống đến Bình Định trong đêm nay và 2 ngày tới.,/workspace/datdq/SignWeather/data/scene_keypoints/v009/scene_010.json
train_000306,Vâng anh Dương! Theo số liệu của Tổng cục Phòng chống thiên tai thì trong 6 tháng đầu năm này đã có 159 trận rông xét xảy ra trên cả nước.,/workspace/datdq/SignWeather/data/scene_keypoints/v185/scene_001.json
train_000307,Còn sáng mai ở Bắc Bộ thì lại có sương mù nhẹ.,/workspace/datdq/SignWeather/data/scene_keypoints/v162/scene_002.json
train_000308,Dự báo mùa đông năm nay sẽ nhiều đợt rét,/workspace/datdq/SignWeather/data/scene_keypoints/v220/scene_002.json
train_000309,Bão số 8 hay tên gọi quốc tế là bão Kampasu dự kiến sẽ đổ bộ vào nước ta vào thứ 5 này.,/workspace/datdq/SignWeather/data/scene_keypoints/v148/scene_005.json
train_000310,"Ghi nhớ những dấu hiệu cần cảnh giác, chú ý trong mùa mưa, bão, lũ lụt, tránh xa sông, suối, ao, hồ và đặc biệt không đi vào vùng ngập lụt.",/workspace/datdq/SignWeather/data/scene_keypoints/v219/scene_010.json
train_000313,"Thành phố Hồ Chí Minh đêm nay không mưa, nhiệt độ 24 độ.",/workspace/datdq/SignWeather/data/scene_keypoints/v138/scene_008.json
train_000314,Ngày mai mưa sẽ lùi dần về chiều cho đến tối,/workspace/datdq/SignWeather/data/scene_keypoints/v043/scene_010.json
train_000316,"Thậm chí, nguy cơ sạt lở đất có thể xảy ra ở những nơi mà mưa đã giảm, như tại Quảng Nam.",/workspace/datdq/SignWeather/data/scene_keypoints/v074/scene_004.json
train_000317,"Hà Nội dự báo có mưa bất chợt, đêm nay nhiệt độ khoảng 17 độ.",/workspace/datdq/SignWeather/data/scene_keypoints/v009/scene_014.json
train_000319,Và nhiệt độ cao nhất ngày mai phổ biến trong khoảng là từ 15 đến 20 độ,/workspace/datdq/SignWeather/data/scene_keypoints/v200/scene_007.json
train_000320,Sang ngày mai sẽ là ngày nắng nóng diện rộng đầu tiên của đợt này.,/workspace/datdq/SignWeather/data/scene_keypoints/v241/scene_002.json
train_000322,"Không thật sự cần thiết, người dân không nên ra ngoài, đặc biệt là vào vùng đồi núi hiểm trở, để tránh nguy cơ sạt lở và mưa lũ cuốn trôi.",/workspace/datdq/SignWeather/data/scene_keypoints/v221/scene_003.json
train_000323,"Ngày mai nắng đẹp, mức nhiệt buổi trưa là 27 độ",/workspace/datdq/SignWeather/data/scene_keypoints/v202/scene_012.json
train_000324,"Thành phố Đà Lạt đêm nay trời rét, không mưa, nhiệt độ 14 độ; ngày mai trời nắng 18 độ, chiều tối có mưa rào.",/workspace/datdq/SignWeather/data/scene_keypoints/v116/scene_008.json
train_000325,"Và đến trưa và chiều mai thì khả năng là mưa sẽ rứt hẳn, trời sẽ có thể chuyển nắng",/workspace/datdq/SignWeather/data/scene_keypoints/v002/scene_007.json
train_000329,"Thành phố Đà Nẵng dự báo đêm nay có lúc có mưa rào, nhiệt độ sẽ không vượt quá 23 độ.",/workspace/datdq/SignWeather/data/scene_keypoints/v182/scene_008.json
train_000332,Đà Lạt đêm nay nhiệt độ xuống thấp 12 độ.,/workspace/datdq/SignWeather/data/scene_keypoints/v067/scene_012.json
train_000333,"Ngày mai trời có nắng 32 độ, về chiều tối lưu ý mưa rông.",/workspace/datdq/SignWeather/data/scene_keypoints/v215/scene_016.json
train_000334,Còn ban ngày thì nhiệt vẫn duy trì là 38 đến 39 độ.,/workspace/datdq/SignWeather/data/scene_keypoints/v250/scene_010.json
train_000335,"Ngoài ra, gió ở đây rất mạnh, đạt cấp 7, cấp 8.",/workspace/datdq/SignWeather/data/scene_keypoints/v045/scene_006.json
train_000341,"Thành phố Hồ Chí Minh đêm nay không có mưa, nhiệt độ 25 độ.",/workspace/datdq/SignWeather/data/scene_keypoints/v041/scene_014.json
train_000345,"Tác động ban đầu của không khí lạnh sẽ là gây mưa, với dự báo mưa sẽ xảy ra trên diện rộng tại miền Bắc.",/workspace/datdq/SignWeather/data/scene_keypoints/v248/scene_003.json
train_000348,Nhiệt độ không quá 31 độ,/workspace/datdq/SignWeather/data/scene_keypoints/v053/scene_011.json
train_000350,"Vâng, nằm trong vùng có nắng ở Bắc Bộ, Hà Nội chiều nay nhiệt độ tăng khá mạnh.",/workspace/datdq/SignWeather/data/scene_keypoints/v192/scene_001.json
train_000356,"Theo thực tế, những cơn bão gần đây đều có sức gió mạnh từ cấp 8 đến 9.",/workspace/datdq/SignWeather/data/scene_keypoints/v059/scene_012.json
train_000357,Dự báo đến khoảng giữa tháng 10 thì mực nước sẽ cao hơn nhưng cũng chỉ khoảng 3m chưa qua được mức Bão Động 1.,/workspace/datdq/SignWeather/data/scene_keypoints/v025/scene_001.json
train_000359,"Thủ đô Hà Nội đêm nay và sáng sớm có khả năng xuất hiện mưa to, nhiệt độ 22 độ, trời lạnh.",/workspace/datdq/SignWeather/data/scene_keypoints/v201/scene_010.json
train_000361,"Nước lũ lên nhanh trong đêm đã khiến nhiều nhà dân bị ngập từ 1 đến 1,5m.",/workspace/datdq/SignWeather/data/scene_keypoints/v171/scene_008.json
train_000362,sẽ là những nơi chịu tác động rõ nét nhất của không khí lạnh.,/workspace/datdq/SignWeather/data/scene_keypoints/v039/scene_003.json
train_000364,Đặc biệt tránh khung giờ từ 12h cho tới 17h vì đây là lúc mà nhiệt độ luôn cao trên 35 độ.,/workspace/datdq/SignWeather/data/scene_keypoints/v095/scene_005.json
train_000365,nguy cơ gây ngập úng vùng trũng thấp ven sông.,/workspace/datdq/SignWeather/data/scene_keypoints/v238/scene_009.json
train_000368,Phổ biến ở khu vực từ Thanh Hóa xuống đến Phú Yên sẽ là 37 đến 40 độ.,/workspace/datdq/SignWeather/data/scene_keypoints/v264/scene_008.json
train_000369,"Sau khi đổ bộ, bão số 6 hiện đã suy yếu thành vùng áp thấp trên biên giới Việt-Lào.",/workspace/datdq/SignWeather/data/scene_keypoints/v197/scene_001.json
train_000370,Mưa lũ diễn biến phức tạp khiến công tác cứu hộ gặp nhiều khó khăn.,/workspace/datdq/SignWeather/data/scene_keypoints/v171/scene_011.json
train_000372,Trong hôm nay tại Hà Nội và nhiều nơi khác ở miền Bắc đã tăng từ 3 đến 5 độ.,/workspace/datdq/SignWeather/data/scene_keypoints/v133/scene_004.json
train_000373,"Vinh trời vừa mưa vừa rét đậm, nhiệt độ thấp nhất đêm nay 13 độ, ngày mai không quá 15 độ.",/workspace/datdq/SignWeather/data/scene_keypoints/v140/scene_017.json
train_000375,"Thành phố Hồ Chí Minh, đêm nay và chiều mai sẽ có mưa, cần đề phòng gió rất mạnh, với nhiệt độ thấp nhất trong đêm nay là 25 độ và cao nhất ngày mai là 31 độ.",/workspace/datdq/SignWeather/data/scene_keypoints/v015/scene_015.json
train_000376,"Chiều nay, mặc dù mưa đã tạm giảm, nhưng gió ở đây vẫn rất mạnh và sóng biển cao.",/workspace/datdq/SignWeather/data/scene_keypoints/v045/scene_008.json
train_000377,thì từ đêm nay vùng biển từ Hà Tĩnh trở xuống cho tới tận Quảng Ngãi sẽ bắt đầu có gió mạnh,/workspace/datdq/SignWeather/data/scene_keypoints/v218/scene_004.json
train_000378,"Trong những ổ mây rông màu cam đậm này vừa có mưa lượng khá 20-30mm trong 1-2 tiếng, vừa có cả sấm xét và gió giật mạnh.",/workspace/datdq/SignWeather/data/scene_keypoints/v076/scene_004.json
train_000380,"Mưa lũ những ngày qua cũng làm một số nhà dân, điểm trường học tại các thôn bị sạt lỡ.",/workspace/datdq/SignWeather/data/scene_keypoints/v062/scene_002.json
train_000388,Thủ đô Hà Nội từ đêm nay cũng chuyển mưa và mưa còn duy trì trong cả 2 ngày sắp tới.,/workspace/datdq/SignWeather/data/scene_keypoints/v038/scene_018.json
train_000390,"Không chỉ khu vực ngoại ô như Hòa Vang, nhiều tuyến đường, khu dân cư ở trung tâm thành phố cũng bị ngập nước.",/workspace/datdq/SignWeather/data/scene_keypoints/v035/scene_013.json
train_000391,Mưa lớn từ bão số 12 cũng đã khiến nhiều công trình hồ đập trên địa bàn tỉnh Khánh Hòa,/workspace/datdq/SignWeather/data/scene_keypoints/v188/scene_008.json
train_000393,"Khi các tinh thể băng rơi xuống từ những đám mây, nếu gặp không khí ấm sẽ thành giọt mưa",/workspace/datdq/SignWeather/data/scene_keypoints/v009/scene_003.json
train_000394,Cảnh báo lũ trên các sông từ Quảng Trị cho đến Khánh Hòa và Bắc Tây Nguyên,/workspace/datdq/SignWeather/data/scene_keypoints/v138/scene_004.json
train_000399,"Còn tại miền Bắc, không khí lạnh liên tục bổ sung xuống, gây nắng hanh ban ngày.",/workspace/datdq/SignWeather/data/scene_keypoints/v087/scene_005.json
train_000400,"Vâng anh Dương, theo dự báo thì Hà Nội cũng như là hầu khắp miền Bắc, từ nay đến cuối tuần sẽ càng ngày càng nóng hơn.",/workspace/datdq/SignWeather/data/scene_keypoints/v236/scene_002.json
train_000401,"Gió to, sóng lớn có khả năng ảnh hưởng đến hàng trăm tàu cá nhỏ đang neo đậu",/workspace/datdq/SignWeather/data/scene_keypoints/v059/scene_008.json
train_000402,"Thủ đô Hà Nội đêm nay trời vẫn nóng bức, nhiệt độ thấp nhất 29 độ.",/workspace/datdq/SignWeather/data/scene_keypoints/v237/scene_004.json
train_000404,"Hình ảnh quay từ trên cao cho thấy là hàng chục thị trấn ở vùng Cayang, phía bắc của thủ đô Manila vẫn đang bị ngập lụt nặng nề.",/workspace/datdq/SignWeather/data/scene_keypoints/v059/scene_002.json
train_000407,Và về nhiệt độ thì 13 giờ chiều ngày hôm nay tại những khu vực này thì đều đã giảm từ 4 đến 6 độ so với cùng thời điểm ngày hôm qua thôi ạ.,/workspace/datdq/SignWeather/data/scene_keypoints/v181/scene_002.json
train_000409,Nhiệt độ cao nhất là 38 độ.,/workspace/datdq/SignWeather/data/scene_keypoints/v250/scene_007.json
train_000410,Cảnh báo từ thứ 5 này thì nắng nóng diện rộng cũng sẽ quay trở lại Bắc Bộ.,/workspace/datdq/SignWeather/data/scene_keypoints/v231/scene_002.json
train_000414,"Trước diễn biến phức tạp của mưa bão, huyện Lý Sơn cũng vừa hoàn thành việc di rời gần 300 hộ dân",/workspace/datdq/SignWeather/data/scene_keypoints/v059/scene_009.json
train_000415,"Còn về diễn biến của áp thấp nhiệt đới thì dự báo là nó vẫn sẽ di chuyển theo hướng Tây,",/workspace/datdq/SignWeather/data/scene_keypoints/v117/scene_007.json
train_000417,Cảnh báo mưa to cục Bộ tại miền Đông Nam Bộ cũng như là khu vực Nam Tây Nguyên,/workspace/datdq/SignWeather/data/scene_keypoints/v211/scene_006.json
train_000419,"Thành phố Hồ Chí Minh nắng chủ yếu vào buổi sáng và trưa,",/workspace/datdq/SignWeather/data/scene_keypoints/v248/scene_013.json
train_000420,mưa lớn trong những ngày qua kết hợp với bão số 6 đã làm cho bờ biển sạp lở thêm 2m.,/workspace/datdq/SignWeather/data/scene_keypoints/v035/scene_007.json
train_000421,"Mưa sẽ đi kèm với gió giật, sấm xét nguy hiểm",/workspace/datdq/SignWeather/data/scene_keypoints/v157/scene_003.json
train_000423,"Dự báo miền Bắc cũng như là tại thủ đô Hà Nội còn tăng nhiệt trong 3 ngày tới, nhất là vào 2 ngày cuối tuần, thứ Bảy và Chủ nhật,",/workspace/datdq/SignWeather/data/scene_keypoints/v033/scene_002.json
train_000425,"Đêm nay, thành phố Đà Nẵng có mưa lạnh với nhiệt độ 23 độ.",/workspace/datdq/SignWeather/data/scene_keypoints/v272/scene_012.json
train_000426,Vừa rồi là những cảnh báo liên quan tới hiện tượng thời tiết cực đoan đó là dông lốc.,/workspace/datdq/SignWeather/data/scene_keypoints/v215/scene_010.json
train_000428,Tình trạng ngập lụt tại các tỉnh từ Bình Định đến Khánh Hòa giảm dần.,/workspace/datdq/SignWeather/data/scene_keypoints/v183/scene_009.json
train_000431,"Đối với miền Bắc, đợt không khí lạnh lần này sẽ không gây mưa, tiết trời vẫn duy trì khô ráo.",/workspace/datdq/SignWeather/data/scene_keypoints/v272/scene_008.json
train_000433,"Đến ngày Chủ nhật, mức nhiệt mới bắt đầu giảm xuống, với nhiệt độ cao nhất là 23 độ.",/workspace/datdq/SignWeather/data/scene_keypoints/v272/scene_010.json
train_000434,"Nha Trang vào 2 ngày tới trời có nắng 30-31 độ, về chiều tối có lúc mưa rông.",/workspace/datdq/SignWeather/data/scene_keypoints/v263/scene_004.json
train_000435,Và như vậy là 2 phần 3 lần mưa lớn tiếp theo đều có ở khu vực từ Hà Tĩnh trở vào đến Quảng Ngãi.,/workspace/datdq/SignWeather/data/scene_keypoints/v127/scene_018.json
train_000436,"Đến 13h ngày mai, tâm bão sẽ ở khoảng 22,1 độ Vĩ Bắc, 118,2 độ Kinh Đông, với cường độ bão cấp 8, cấp 9, giật trên cấp 11.",/workspace/datdq/SignWeather/data/scene_keypoints/v171/scene_003.json
train_000437,Các nơi khác của Bắc Bộ và Bắc Trung Bộ sẽ chuyển rét đậm diện rộng lần đầu tiên của mùa đông năm nay.,/workspace/datdq/SignWeather/data/scene_keypoints/v009/scene_008.json
train_000438,"Mực nước trên các con sông luôn ở trên mức báo động 3 đã gây ra tình trạng ngập lụt, chia cắt kéo dài.",/workspace/datdq/SignWeather/data/scene_keypoints/v129/scene_002.json
train_000440,Sông Trà Khúc sẽ dâng lên mức báo động 2.,/workspace/datdq/SignWeather/data/scene_keypoints/v008/scene_003.json
train_000441,Mưa với lượng là từ 5 cho đến 10 mm mỗi giờ.,/workspace/datdq/SignWeather/data/scene_keypoints/v028/scene_003.json
train_000442,"Dự báo ngày mai ở Huế, Đà Nẵng, Quảng Ngãi thì nhiệt độ sẽ lên tới 39 độ,",/workspace/datdq/SignWeather/data/scene_keypoints/v223/scene_006.json
train_000443,"Băng giá và xương muối dày đặc phủ trắng cành cây, ngọn cỏ.",/workspace/datdq/SignWeather/data/scene_keypoints/v166/scene_003.json
train_000445,"Vùng núi còn mưa lớn thì quý vị vẫn cần cảnh giác đến lũ quét, sạt lở đất và ngập úm cục bộ.",/workspace/datdq/SignWeather/data/scene_keypoints/v195/scene_006.json
train_000446,"Đêm nay, Huế có lúc có mưa rào nhẹ, nhiệt độ thấp nhất là 22 độ C.",/workspace/datdq/SignWeather/data/scene_keypoints/v081/scene_006.json
train_000449,Trời mát 26 độ,/workspace/datdq/SignWeather/data/scene_keypoints/v165/scene_005.json
train_000450,"Mặc dù hiện tại chỉ có mưa nhỏ, nhưng trời có nhiều mây và khả năng mưa trong ngày mai tại đây là có thể xảy ra.",/workspace/datdq/SignWeather/data/scene_keypoints/v190/scene_001.json
train_000452,"Thành phố Đà Nẵng sẽ có mưa trong đêm nay và chiều tối mai,",/workspace/datdq/SignWeather/data/scene_keypoints/v225/scene_007.json
train_000455,"Thành phố Đà Lạt lại rét về đêm, ban ngày có nắng đẹp trời mát 24-25 độ, riêng chiều tối mai có mưa rông.",/workspace/datdq/SignWeather/data/scene_keypoints/v226/scene_013.json
train_000456,"Sáng đến trưa mai trời nắng nhưng vẫn khá rét, nhiệt độ cao nhất 19 độ.",/workspace/datdq/SignWeather/data/scene_keypoints/v087/scene_011.json
train_000457,Theo đó thì lũ trên các sông cũng đang có xu thế là xuống dần.,/workspace/datdq/SignWeather/data/scene_keypoints/v081/scene_002.json
train_000460,"Các thành phố tại Tây Nguyên thời tiết khá dễ chịu, nhiệt độ cao nhất không quá 32 độ.",/workspace/datdq/SignWeather/data/scene_keypoints/v270/scene_008.json
train_000461,"Sáng ngày mai trời nắng mây đan xen, nhiệt độ cao nhất trong ngày không quá 32 độ.",/workspace/datdq/SignWeather/data/scene_keypoints/v073/scene_008.json
train_000463,Càng về đêm cái rét sẽ càng ngấm sâu hơn và từ ngày mai thôi miền Bắc sẽ bước vào đợt rét đậm rét hại đầu tiên trong mùa đông năm nay.,/workspace/datdq/SignWeather/data/scene_keypoints/v049/scene_006.json
train_000468,"Ban ngày nắng nhiều, nhiệt độ tăng lên rất nhanh, lên mức 27 độ vào buổi trưa",/workspace/datdq/SignWeather/data/scene_keypoints/v202/scene_014.json
train_000469,"Thành phố Hải Phòng đêm nay không có mưa, nhiệt độ thấp nhất là 23 độ.",/workspace/datdq/SignWeather/data/scene_keypoints/v082/scene_011.json
train_000470,Không chỉ thủ đô Hà Nội mà nhiều nơi khác ở Bắc Bộ cũng tiếp tục khô hanh,/workspace/datdq/SignWeather/data/scene_keypoints/v037/scene_003.json
train_000471,Toàn bộ tàu thuyền hoạt động trong vùng nguy hiểm đều có nguy cơ cao bị ảnh hưởng bởi gió giật mạnh.,/workspace/datdq/SignWeather/data/scene_keypoints/v101/scene_005.json
train_000472,"Sáng đến ngày mai, mưa sẽ giảm, trời nhiều mây và nhiệt độ không vượt quá 27 độ.",/workspace/datdq/SignWeather/data/scene_keypoints/v201/scene_011.json
train_000473,"Hiện nay, cơn bão số 9 đang tiến vào.",/workspace/datdq/SignWeather/data/scene_keypoints/v120/scene_008.json
train_000476,Đến trưa chiều thì sương sẽ tan bớt trời hứng nắng nhẹ. Nhiệt độ tại các thành phố sẽ tăng lên ở mức là từ 20-25 độ.,/workspace/datdq/SignWeather/data/scene_keypoints/v016/scene_013.json
train_000477,Ngày mai lưu ý mưa rông từ chiều đến tối với nhiệt độ không quá 25 độ.,/workspace/datdq/SignWeather/data/scene_keypoints/v097/scene_012.json
train_000478,"Hôm nay mưa tại Bình Định đã giảm, song nhiều khu vực tại huyện Tuy Phước, thành phố Quy Nhơn vẫn bị ngập do nước các sông từ Thụ Uồn đổ xuống.",/workspace/datdq/SignWeather/data/scene_keypoints/v004/scene_004.json
train_000479,Trọng tâm mưa sẽ tập trung ở các tỉnh từ Quảng Trị đến phía Bắc của Khánh Hòa.,/workspace/datdq/SignWeather/data/scene_keypoints/v138/scene_002.json
train_000480,"Trái lại, tại thành phố Hồ Chí Minh, đêm nay trời tạnh ráo và mát mẻ với nhiệt độ 25 độ.",/workspace/datdq/SignWeather/data/scene_keypoints/v074/scene_012.json
train_000483,Mưa bão và gió mạnh có thể gây tê liệt giao thông và hỏng hệ thống điện.,/workspace/datdq/SignWeather/data/scene_keypoints/v041/scene_010.json
train_000484,"Kết quả cho thấy thời tiết khắc nghiệt là nguyên nhân gây ra 9,43% tổng số trường hợp tử vong trên toàn cầu giai đoạn 2000-2019.",/workspace/datdq/SignWeather/data/scene_keypoints/v185/scene_003.json
train_000485,"Trên chiều mai trời nắng ấm, nhiệt độ cao nhất 26 độ.",/workspace/datdq/SignWeather/data/scene_keypoints/v050/scene_007.json
train_000487,"Hai ngày qua, khu vực phía tây thành phố Đà Nẵng bị ngập sâu.",/workspace/datdq/SignWeather/data/scene_keypoints/v035/scene_012.json
train_000490,Và dự báo là đêm nay thì áp thấp nhiệt đới sẽ đi vào đất liền các tỉnh từ Khánh Hòa cho đến Bình Thuận.,/workspace/datdq/SignWeather/data/scene_keypoints/v063/scene_002.json
train_000492,"Tình trạng ngập tại TP.HCM đã kéo dài 3-4 ngày qua, với mức độ ngập xảy ra 2 lần mỗi ngày.",/workspace/datdq/SignWeather/data/scene_keypoints/v036/scene_004.json
train_000495,Ban ngày trời sẽ nắng mạnh và khá là nóng.,/workspace/datdq/SignWeather/data/scene_keypoints/v033/scene_007.json
train_000496,"Hiện nay, sóng ở khu vực đó rất lớn, với sóng gió đạt cấp 5.",/workspace/datdq/SignWeather/data/scene_keypoints/v108/scene_001.json
train_000500,"Vùng nguy hiểm trên biển Đông trong 24 giờ tới được dự báo là vị tuyến 9 đến 12,5 độ vị Bắc",/workspace/datdq/SignWeather/data/scene_keypoints/v080/scene_002.json
train_000502,Nhiệt độ cao nhất là 19 đến 20 độ,/workspace/datdq/SignWeather/data/scene_keypoints/v158/scene_009.json
train_000504,Và về diễn biến mưa cụ thể sẽ được chia ra thành 3 giai đoạn như sau.,/workspace/datdq/SignWeather/data/scene_keypoints/v127/scene_014.json
train_000507,"Nhiệt độ cao nhất ở thủ đô Hà Nội và các thành phố Hòa Bình, Ninh Bình, Hạ Long, Lạng Sơn",/workspace/datdq/SignWeather/data/scene_keypoints/v053/scene_003.json
train_000508,"Tại Trạm Phú An trên sông Sài Gòn, mực nước có thể lên đến 1m69.",/workspace/datdq/SignWeather/data/scene_keypoints/v036/scene_006.json
train_000509,"Vùng nguy hiểm do bão trên Biển Đông trong 24 giờ tới nằm trong khoảng vĩ tuyến 13,5 đến 18,5 độ Bắc.",/workspace/datdq/SignWeather/data/scene_keypoints/v101/scene_004.json
train_000511,Đất đá đã bị bở nhão do mưa lớn những ngày qua.,/workspace/datdq/SignWeather/data/scene_keypoints/v204/scene_006.json
train_000512,Mưa có khả năng chỉ xảy ra ở vài nơi vào chiều tối và sẽ nhanh chóng kết thúc.,/workspace/datdq/SignWeather/data/scene_keypoints/v034/scene_008.json
train_000513,"Ngày 22 tháng 6, nắng nóng tại đây đã lên đến 36 độ C,",/workspace/datdq/SignWeather/data/scene_keypoints/v051/scene_003.json
train_000514,Ngày mai thì nắng không kéo dài cả ngày nữa mà sau 15h thì mưa rông sẽ xảy ra.,/workspace/datdq/SignWeather/data/scene_keypoints/v189/scene_007.json
train_000516,Đồng bằng sông Cửu Long đang trải qua những ngày cao điểm mùa khô và cũng là lúc các đợt sâm nhập mặn vào sâu trong đất liền.,/workspace/datdq/SignWeather/data/scene_keypoints/v246/scene_001.json
train_000517,Mây mù bao phủ khắp nơi làm cho tầm nhìn giảm thấp.,/workspace/datdq/SignWeather/data/scene_keypoints/v075/scene_004.json
train_000519,"Tại thủ đô Hà Nội ngày mai thì nhiều mây có lúc mưa to, nhiệt độ cao nhất không quá 29 độ.",/workspace/datdq/SignWeather/data/scene_keypoints/v260/scene_006.json
train_000523,Mặc dù có mưa về đêm như vậy nhưng sang đến ngày mai trở lại nắng nóng ngay.,/workspace/datdq/SignWeather/data/scene_keypoints/v154/scene_004.json
train_000524,"Các cơ quan, đơn vị và địa phương cần triển khai thực hiện nghiêm túc các phương án, biện pháp phòng chống mưa lũ, nhằm hạn chế thiệt hại có thể xảy ra ở mức thấp nhất.",/workspace/datdq/SignWeather/data/scene_keypoints/v144/scene_005.json
train_000526,"Những khối mây đối lưu phát triển mạnh ở Nghệ An xuống đến Quảng Nam, Tây Nguyên và Nam Mộ.",/workspace/datdq/SignWeather/data/scene_keypoints/v076/scene_003.json
train_000527,"Đến 16 giờ ngày 14 tháng 10, tâm bão sẽ nằm trên vùng biển ven bờ Bắc Bộ và Bắc Trung Bộ.",/workspace/datdq/SignWeather/data/scene_keypoints/v152/scene_003.json
train_000528,"Vùng nguy hiểm trên biển Đông trong 24 giờ tới được xác định là từ vĩ tuyến 9 đến 13 độ vị Bắc,",/workspace/datdq/SignWeather/data/scene_keypoints/v026/scene_003.json
train_000529,"Ở miền Trung thì dự báo là mưa vừa mưa to sẽ còn xuất hiện trong đêm nay ở Nghệ An cho đến Quảng Ngãi,",/workspace/datdq/SignWeather/data/scene_keypoints/v022/scene_003.json
train_000531,"Từ chiều qua, mưa lớn kèm theo lốc xoáy xảy ra ở huyện Bình Sơn, tỉnh Quảng Ngãi,",/workspace/datdq/SignWeather/data/scene_keypoints/v197/scene_002.json
train_000534,"Huyện Minh Hóa là nơi bị ảnh hưởng nặng nề nhất, với nhiều điểm nước ngập sâu đã khiến các khu vực này bị cô lập.",/workspace/datdq/SignWeather/data/scene_keypoints/v123/scene_002.json
train_000535,"Sau đó, bão đi sâu vào đất liền Nam Trung Bộ và suy yếu thành vùng áp thấp",/workspace/datdq/SignWeather/data/scene_keypoints/v107/scene_005.json
train_000540,Mưa lũ liên tục trong 12 ngày qua đã gây thiệt hại nặng nề về người và tài sản cho nhiều địa phương ở miền Trung.,/workspace/datdq/SignWeather/data/scene_keypoints/v046/scene_001.json
train_000544,Các nơi khác thuộc khu vực Thanh Hóa đến Phú Yên sẽ là từ 35-37 độ.,/workspace/datdq/SignWeather/data/scene_keypoints/v154/scene_007.json
train_000546,"Thời tiết miền Trung Tây Nguyên đã bắt đầu thay đổi, bước vào giai đoạn nguy hiểm do cơn bão số 9 gây ra.",/workspace/datdq/SignWeather/data/scene_keypoints/v041/scene_001.json
train_000549,"Ngày mai có nắng trở lại, nhiệt độ khoảng 24 độ",/workspace/datdq/SignWeather/data/scene_keypoints/v161/scene_009.json
train_000551,"Ngày mai, mưa sẽ rồn rập về chiều, với nhiệt độ cao nhất đạt 21 độ.",/workspace/datdq/SignWeather/data/scene_keypoints/v000/scene_009.json
train_000552,Cho đến 15 giờ chiều thì vẫn có nắng mạnh tại hai khu vực này,/workspace/datdq/SignWeather/data/scene_keypoints/v090/scene_002.json
train_000553,Vùng mưa to đến rất to sẽ mở rộng khắp khu vực từ Nam Nghệ An trở xuống cho tận Quảng Nam,/workspace/datdq/SignWeather/data/scene_keypoints/v249/scene_013.json
train_000559,"Do ảnh hưởng từ nguồn nước, các thủy điện vẫn đang tiến hành xả lũ.",/workspace/datdq/SignWeather/data/scene_keypoints/v243/scene_004.json
train_000560,"Từ sau 4 giờ sáng mai thì mưa có thể dứt,",/workspace/datdq/SignWeather/data/scene_keypoints/v028/scene_004.json
train_000561,"Thưa quý vị, hôm qua và hôm nay mưa trên diện rộng ở hầu hết các huyện miền núi Quảng Nam.",/workspace/datdq/SignWeather/data/scene_keypoints/v171/scene_010.json
train_000562,"2 ngày đầu tuần trời rét với nhiệt độ ban đêm là 12 độ, ban ngày từ 14-16 độ.",/workspace/datdq/SignWeather/data/scene_keypoints/v151/scene_012.json
train_000563,"Thưa quý vị, chiều nay áp thấp nhiệt đới suy yếu từ cơn bão số 12 đã suy yếu tiếp thành một vùng áp thấp trên khu vực Tây Nguyên.",/workspace/datdq/SignWeather/data/scene_keypoints/v188/scene_001.json
train_000566,"Đến 13 giờ ngày 12 tháng 11, tâm bão cách huyện đảo Hoàng Sa khoảng 760 km về phía đông Đông Nam,",/workspace/datdq/SignWeather/data/scene_keypoints/v188/scene_004.json
train_000569,"Lúc này, Phú Yên phải vừa khắc phục bão số 12, vừa ứng phó với mưa lũ.",/workspace/datdq/SignWeather/data/scene_keypoints/v188/scene_013.json
train_000571,"Còn ở miền Bắc, phải đến tối muộn và đêm nay, mưa mới xuất hiện nhiều.",/workspace/datdq/SignWeather/data/scene_keypoints/v076/scene_008.json
train_000573,Thời gian ngập sẽ dần giảm theo đỉnh triều.,/workspace/datdq/SignWeather/data/scene_keypoints/v036/scene_007.json
train_000574,"Tại Đà Nẵng đêm nay có lúc mưa rào, trời mát 27 độ",/workspace/datdq/SignWeather/data/scene_keypoints/v157/scene_011.json
train_000575,"Tại Huế, mưa to đã trở lại và nhiều khu vực miền Trung cũng đang chịu ảnh hưởng tương tự.",/workspace/datdq/SignWeather/data/scene_keypoints/v014/scene_002.json
train_000577,"Thành phố Hải Phòng dự báo đêm nay không có mưa, nhiệt độ lạnh 19 độ, và ngày mai sẽ có nắng ấm với nhiệt độ cao nhất đạt 25 độ.",/workspace/datdq/SignWeather/data/scene_keypoints/v182/scene_007.json
train_000578,Từ nay đến cuối năm thì các hồ trên lưu vực sẽ còn tiếp tục tích trữ nước,/workspace/datdq/SignWeather/data/scene_keypoints/v169/scene_004.json
train_000579,"Có mưa nên trời sẽ lạnh, nhiệt độ ban ngày không vượt quá 25 độ, buổi đêm giảm xuống còn 23 độ.",/workspace/datdq/SignWeather/data/scene_keypoints/v014/scene_010.json
train_000581,Không đi qua các ngầm tràn khi nước đang chảy siết và đang lên.,/workspace/datdq/SignWeather/data/scene_keypoints/v063/scene_006.json
train_000583,"Về chiều tối của ngày 30 và mùng 1 Tết, khả năng Nam Bộ sẽ có mưa rào nhẹ thoáng qua.",/workspace/datdq/SignWeather/data/scene_keypoints/v126/scene_012.json
train_000585,trên toàn bang. Điều kiện thời tiết nắng nóng và độ ẩm thấp đang gây thêm khó khăn cho công tác dập lửa.,/workspace/datdq/SignWeather/data/scene_keypoints/v096/scene_001.json
train_000587,Vào vùng mưa sẽ xảy ra từ Phú Yên trở ra đến Thừa Thiên Huế với lượng mưa phổ biến là 40-80mm,/workspace/datdq/SignWeather/data/scene_keypoints/v187/scene_004.json
train_000588,Lượng mưa tại đây từ 100-200mm và có nơi vượt 200mm.,/workspace/datdq/SignWeather/data/scene_keypoints/v238/scene_005.json
train_000589,"Ngày mai nắng nhiều, nhiệt độ cao nhất 33 độ.",/workspace/datdq/SignWeather/data/scene_keypoints/v111/scene_009.json
train_000590,"Từ chủ nhật này đến thứ ba tuần sau, dự báo nhiệt độ thấp nhất là từ 10-14 độ,",/workspace/datdq/SignWeather/data/scene_keypoints/v009/scene_009.json
train_000592,Hà Nội đêm nay không mưa 22 độ,/workspace/datdq/SignWeather/data/scene_keypoints/v173/scene_010.json
train_000593,"Khu vực này đã xuất hiện băng giá, càng lên cao thì lớp băng phủ càng dày đặc.",/workspace/datdq/SignWeather/data/scene_keypoints/v166/scene_005.json
train_000594,"Thưa quý vị, theo bản đồ mưa, vùng mưa to sẽ tập trung tại khu vực đồng bằng, ven biển Bắc Bộ, cùng với các tỉnh Yên Bái, Sơn La, Hòa Bình, Thanh Hóa, Nghệ An và Hà Tĩnh, với tổng lượng mưa từ 150 đến 250mm, và một số nơi có thể vượt quá 300mm.",/workspace/datdq/SignWeather/data/scene_keypoints/v086/scene_002.json
train_000595,"Từ trưa vào chiều nay, mưa và gió từ bão số 13 cũng đã xuất hiện",/workspace/datdq/SignWeather/data/scene_keypoints/v059/scene_011.json
train_000597,"Thành phố Hồ Chí Minh đêm nay mưa tạm giảm, trời dịu mát 25 độ.",/workspace/datdq/SignWeather/data/scene_keypoints/v064/scene_010.json
train_000598,"Đối với vùng ven biển, gió có thể đạt cấp 9, giật cấp 11.",/workspace/datdq/SignWeather/data/scene_keypoints/v218/scene_007.json
train_000600,Mưa lớn rồn rập như vậy thì cảnh báo sạp lờ đất và lũ quét đã được đưa ra cho vùng núi từ Quảng Bình trở xuống đến Khánh Hòa.,/workspace/datdq/SignWeather/data/scene_keypoints/v272/scene_006.json
train_000601,Nhiệt độ tại thành phố Hồ Chí Minh cũng như là hầu khắp toàn miền sẽ không nơi nào vượt quá 34 độ.,/workspace/datdq/SignWeather/data/scene_keypoints/v102/scene_005.json
train_000602,Vì thế khi thấy trời có mưa rông thì tốt nhất quý vị nên nhanh chóng tìm nơi trú ẩn an toàn,/workspace/datdq/SignWeather/data/scene_keypoints/v217/scene_004.json
train_000604,nhiều tuyến đường trũng thấp cũng đã bị ngập sâu sau trận mưa đầu giờ chiều ngày hôm nay.,/workspace/datdq/SignWeather/data/scene_keypoints/v038/scene_005.json
train_000605,"Độ ẩm trong chiều ngày hôm nay đều từ 43% trở xuống, thậm chí có những nơi chỉ đạt khoảng là 33%.",/workspace/datdq/SignWeather/data/scene_keypoints/v117/scene_004.json
train_000607,"Cơ quan Khí quyển, Địa lý và Thiên văn Philippines cho biết, bão Vàm Cỏ là cơn bão thứ 21 đổ bộ vào nước này từ đầu năm đến nay.",/workspace/datdq/SignWeather/data/scene_keypoints/v101/scene_001.json
train_000611,"Dự báo miền Bắc sẽ tiếp tục tăng nhiệt trong ngày mai, bản đồ dự báo nhiệt chuyển dần sang màu cam và thậm chí là phía Tây còn có màu đỏ",/workspace/datdq/SignWeather/data/scene_keypoints/v236/scene_003.json
train_000614,"Vâng anh Dương, ngày hôm nay miền Bắc vẫn nằm trong những chuỗi ngày trời ấm lên và nhiệt độ ngày hôm nay cũng đã tăng đáng kể rồi.",/workspace/datdq/SignWeather/data/scene_keypoints/v117/scene_001.json
train_000615,"Do ảnh hưởng của bão số 6, những ngày qua tại thành phố Đà Nẵng đã có mưa to đến rất to.",/workspace/datdq/SignWeather/data/scene_keypoints/v144/scene_001.json
train_000616,"Nguy cơ cao sẽ xảy ra lũ quét, sạt lở đất",/workspace/datdq/SignWeather/data/scene_keypoints/v019/scene_007.json
train_000618,"Đêm và sáng xe lạnh 23 độ, ban ngày 32 độ.",/workspace/datdq/SignWeather/data/scene_keypoints/v151/scene_014.json
train_000619,"Kiểu thời tiết này sẽ dễ dàng gây kích ứng cho da và hệ hô hấp, khiến cơ thể cảm thấy nóng bức khó chịu.",/workspace/datdq/SignWeather/data/scene_keypoints/v117/scene_006.json
train_000623,"Sau đó, căn cứ vào diễn biến thời tiết tại vùng Hạ Du, cần điều chỉnh lưu lượng xả lũ cho phù hợp.",/workspace/datdq/SignWeather/data/scene_keypoints/v071/scene_002.json
train_000627,"Còn tại Tây Bắc Bộ, nắng nóng chủ yếu tập trung ở Điện Biên, Sơn La và Hòa Bình",/workspace/datdq/SignWeather/data/scene_keypoints/v234/scene_004.json
train_000632,"Các đợt sâm nhập mặn vừa qua thường chỉ diễn ra thời đoạn ngắn vài ngày, theo kỳ triều cường, chứ không triển miên như năm ngoái.",/workspace/datdq/SignWeather/data/scene_keypoints/v246/scene_003.json
train_000634,"Ngày mai nắng nhiều, nhiệt độ cao hơn ban đêm cả chục độ, lên tới mức 26 độ.",/workspace/datdq/SignWeather/data/scene_keypoints/v077/scene_005.json
train_000635,Các vùng miền khác trên cả nước cũng có nắng vào ngày mai.,/workspace/datdq/SignWeather/data/scene_keypoints/v133/scene_006.json
train_000637,nhiệt độ thấp nhất là 23 độ.,/workspace/datdq/SignWeather/data/scene_keypoints/v225/scene_009.json
train_000639,từ Quảng Trị đến Quảng Ngãi sẽ tiếp tục có mưa vừa mưa to.,/workspace/datdq/SignWeather/data/scene_keypoints/v151/scene_006.json
train_000643,"Giờ tan tầm chiều nay tại Hà Nội thì có một cơn mưa rất to, nhiều người đã bị ướt rồi.",/workspace/datdq/SignWeather/data/scene_keypoints/v105/scene_002.json
train_000651,"Trên mức báo động 3 đến hết sáng mai, cảnh báo ngập lụt sâu trên diện rộng tiếp tục diễn ra ở 3 tỉnh này.",/workspace/datdq/SignWeather/data/scene_keypoints/v062/scene_007.json
train_000656,Từ đêm chủ nhật đến khoảng ngày thứ sáu tuần sau sẽ lại xảy ra một đợt mưa rông nữa ở Bắc Bộ.,/workspace/datdq/SignWeather/data/scene_keypoints/v226/scene_006.json
train_000657,và dự kiến sẽ đi vào Biển Đông trong khoảng 1-2 ngày tới.,/workspace/datdq/SignWeather/data/scene_keypoints/v032/scene_004.json
train_000658,Ở khu vực Sa Pa nằm ở phía Tây Bắc Bộ nên chưa chịu ảnh hưởng của không khí lạnh tăng cường.,/workspace/datdq/SignWeather/data/scene_keypoints/v070/scene_005.json
train_000665,"Với tốc độ di chuyển khá chậm, khả năng đến sáng thứ Hai mới bắt đầu ảnh hưởng đến khu vực vùng núi phía Bắc, gây ra mưa nhỏ.",/workspace/datdq/SignWeather/data/scene_keypoints/v082/scene_004.json
train_000668,"Ngày mai còn nắng nhiều, nhiệt độ cao nhất 33 độ.",/workspace/datdq/SignWeather/data/scene_keypoints/v218/scene_013.json
train_000670,"Cảnh báo mưa vừa có nơi mưa to đến rất to, dễ kèm theo gió giật và sấm xét nguy hiểm.",/workspace/datdq/SignWeather/data/scene_keypoints/v064/scene_007.json
train_000671,nhiệt độ thấp nhất toàn miền trong khoảng là từ 18 đến 21 độ.,/workspace/datdq/SignWeather/data/scene_keypoints/v207/scene_006.json
train_000673,"Đợt lạnh kéo nhiệt độ nhiều nơi ở các tỉnh Hà Bắc, Sơn Đông, Hà Nam, An Huy và Giang Tô xuống dưới 10 độ",/workspace/datdq/SignWeather/data/scene_keypoints/v220/scene_010.json
train_000675,"Bắc bộ ngày mai cũng duy trì tiết trời oi nóng khó chịu,",/workspace/datdq/SignWeather/data/scene_keypoints/v223/scene_007.json
train_000678,"Với thành phố Đồng Hới và Huế, trời rất mưa nhưng chủ đạo là nhiều mây, nhiệt độ từ 24-26 độ.",/workspace/datdq/SignWeather/data/scene_keypoints/v015/scene_009.json
train_000681,"Nhiệt độ tại khu vực Sydney vượt 40 độ C,",/workspace/datdq/SignWeather/data/scene_keypoints/v065/scene_005.json
train_000686,"Mặc dù bã số 7 đã suy yếu thành áp thấp nhiệt đới nhưng hoàn lưu của nó vẫn gây mưa to và gió mạnh cho nhiều tỉnh thành,",/workspace/datdq/SignWeather/data/scene_keypoints/v045/scene_005.json
train_000688,Họ đang phải vật lộn với thời tiết giá lạnh.,/workspace/datdq/SignWeather/data/scene_keypoints/v232/scene_001.json
train_000689,"Thành phố Hồ Chí Minh đêm nay ít mây, nhiệt độ khoảng 21 độ trời lạnh.",/workspace/datdq/SignWeather/data/scene_keypoints/v012/scene_011.json
train_000690,Biên tập viên Thời tiết Quỳnh Anh sẽ cập nhật diễn biến của cơn bão số 7 và ảnh hưởng cụ thể của nó đến các khu vực neo đậu tàu thuyền.,/workspace/datdq/SignWeather/data/scene_keypoints/v229/scene_005.json
train_000691,"Với Tây Nguyên và Nam Bộ, mưa cũng tiếp tục xảy ra vào chiều tối và tối mai",/workspace/datdq/SignWeather/data/scene_keypoints/v211/scene_005.json
train_000695,mưa lớn lại tiếp tục quay lại với các huyện miền núi của tỉnh Quảng Nam.,/workspace/datdq/SignWeather/data/scene_keypoints/v177/scene_001.json
train_000697,"Dạ vâng, theo những dự báo thì trời sẽ có nắng ấm gần như là đến hết Tết Anh Dương ạ.",/workspace/datdq/SignWeather/data/scene_keypoints/v126/scene_002.json
train_000698,"Ngày mai trời có nắng 34 độ, chiều tối có lúc mưa dông.",/workspace/datdq/SignWeather/data/scene_keypoints/v058/scene_010.json
train_000703,"Trên độ cao 5.000 mét, còn có gió đông ẩm từ biển thổi vào.",/workspace/datdq/SignWeather/data/scene_keypoints/v272/scene_003.json
train_000705,"Ở mẫu Sơn, Đặng Sơn thì xuống đến âm 3,6 độ C.",/workspace/datdq/SignWeather/data/scene_keypoints/v252/scene_006.json
train_000706,"mức nhiệt trong đêm mai là khoảng 25 độ,",/workspace/datdq/SignWeather/data/scene_keypoints/v248/scene_009.json
train_000708,"Đối với các tỉnh phía Đông Bắc Bộ, chúng tôi dự báo là nắng nóng sẽ xuất hiện muộn hơn.",/workspace/datdq/SignWeather/data/scene_keypoints/v234/scene_008.json
train_000711,"Ngay chiều nay, tâm của áp thấp nhiệt đới đang cách đảo Sông Tử Tây, huyện đảo Trường Sa khoảng 600 km về phía Đông Bắc",/workspace/datdq/SignWeather/data/scene_keypoints/v190/scene_002.json
train_000712,"Sau ngày mai trời nhiều mây, về chiều tối lại có mưa, nhiệt độ không quá 31 độ",/workspace/datdq/SignWeather/data/scene_keypoints/v156/scene_011.json
train_000713,"Sang ngày mai nắng mạnh, ở lâu ngoài trời thì sẽ hơi nóng, mức nhiệt cao nhất 31 độ",/workspace/datdq/SignWeather/data/scene_keypoints/v228/scene_007.json
train_000714,"Sau đó đến chiều tối và đêm, lưu ý những cơn mưa dông nhiệt có thể lại xảy ra khắp Bắc Bộ,",/workspace/datdq/SignWeather/data/scene_keypoints/v040/scene_006.json
train_000715,"Cơn bão số 9 đi qua, địa phương này đã có 2.500 hectare keo và 1.500 hectare cao su đang thu hoạch bị gại đổ.",/workspace/datdq/SignWeather/data/scene_keypoints/v055/scene_002.json
train_000717,"Từ Núi, từ Nghệ An xuống đến Quảng Ngãi, dự báo ngày mai nhiệt độ sẽ cao 37-39 độ và có nơi trên 39 độ.",/workspace/datdq/SignWeather/data/scene_keypoints/v154/scene_006.json
train_000718,"Sương mù bao phủ cả ngày lẫn đêm, nhất là đoạn qua các huyện Mai Châu, Tân Lạc, Vân Hồ và Mộc Châu của 2 tỉnh.",/workspace/datdq/SignWeather/data/scene_keypoints/v206/scene_002.json
train_000720,"Thưa quý vị, không khí lạnh rất mạnh đã tràn sâu xuống nước ta rồi, băng giá có khả năng xuất hiện ở cả vùng núi cao trong đêm nay và hai đêm tới, theo dự báo.",/workspace/datdq/SignWeather/data/scene_keypoints/v023/scene_001.json
train_000723,Đến thời điểm này thì Hà Nội cũng chưa trải qua một đợt nắng nóng trên 35 độ nào.,/workspace/datdq/SignWeather/data/scene_keypoints/v011/scene_002.json
train_000726,"Trong khoảng từ 3 đến 4 ngày tới, mưa trái mùa vẫn có khả năng cao xảy ra tại TP.HCM cũng như các khu vực khác của Nam Bộ.",/workspace/datdq/SignWeather/data/scene_keypoints/v060/scene_004.json
train_000733,Có thể khẳng định rằng đợt mưa lớn kéo dài trong vòng 2 tuần qua ở khu vực miền Trung đã chấm dứt tính đến chiều hôm nay.,/workspace/datdq/SignWeather/data/scene_keypoints/v015/scene_003.json
train_000734,sương mù có thể xuất hiện khiến tầm nhìn giảm xuống dưới 1km.,/workspace/datdq/SignWeather/data/scene_keypoints/v162/scene_003.json
train_000737,"Thủ đô Hà Nội đêm nay tiếp tục mưa rét 19 độ, ngày mai thì trời vẫn còn mưa 22 độ.",/workspace/datdq/SignWeather/data/scene_keypoints/v022/scene_006.json
train_000738,"Vùng nguy hiểm trên Biển Đông trong 24 giờ tới là từ vĩ tuyến 11 đến 15 độ vĩ Bắc,",/workspace/datdq/SignWeather/data/scene_keypoints/v107/scene_006.json
train_000743,"Trong đêm nay và sáng sớm ngày mai, mực nước ở các sông hầu hết sẽ ở mức báo động 2 đến dưới báo động 3.",/workspace/datdq/SignWeather/data/scene_keypoints/v266/scene_004.json
train_000749,Nước ngập tại các vùng lụt cơ bản sẽ rút hết.,/workspace/datdq/SignWeather/data/scene_keypoints/v087/scene_004.json
train_000750,"Thời tiết đã tạnh, nước ngập ở Quảng Nam, Quảng Ngãi và Bình Định cũng đang dần rút.",/workspace/datdq/SignWeather/data/scene_keypoints/v002/scene_008.json
train_000753,"Tính đến thời điểm này, địa phương đã ghi nhận 17 người thiệt mạng do mưa lũ.",/workspace/datdq/SignWeather/data/scene_keypoints/v164/scene_002.json
train_000755,Những cơn mưa to đến rất to vẫn xảy ra trên địa bàn tỉnh Nghệ An.,/workspace/datdq/SignWeather/data/scene_keypoints/v239/scene_008.json
train_000758,"Ngoài huyện Cẩm Xuyên, nhiều huyện khác và cả thành phố Hà Tĩnh cũng bị ngập, với nhiều khu vực bị ngập sâu.",/workspace/datdq/SignWeather/data/scene_keypoints/v071/scene_005.json
train_000760,"Trong sáng sớm hôm nay, mưa lớn vẫn tiếp tục diễn ra trên diện rộng tại Thừa Thiên Huế, gây khó khăn cho công tác cứu hộ.",/workspace/datdq/SignWeather/data/scene_keypoints/v091/scene_002.json
train_000762,Ngày mai duy trì nắng nóng đặc biệt gai gắt 39 độ.,/workspace/datdq/SignWeather/data/scene_keypoints/v264/scene_011.json
train_000763,"Thành phố Huế đêm nay có mưa rất to, gió mạnh dần lên là cấp 6 đến cấp 7.",/workspace/datdq/SignWeather/data/scene_keypoints/v041/scene_013.json
train_000765,Báo số 6 cũng gây ra mưa to đến rất to từ nay cho đến hết ngày mai,/workspace/datdq/SignWeather/data/scene_keypoints/v019/scene_005.json
train_000768,Ngày mai vẫn sẽ còn mưa với nhiệt độ cao nhất 25 độ.,/workspace/datdq/SignWeather/data/scene_keypoints/v012/scene_009.json
train_000770,"Thưa quý vị khán giả, nhìn vào đường đi dự kiến của át thấp nhiệt đới cho thấy, vào gần bờ thì nó mạnh lên thành bão nhưng không vào đất liền ngay mà lại đi dọc ven biển.",/workspace/datdq/SignWeather/data/scene_keypoints/v061/scene_001.json
train_000772,Còn vào sáng sớm thì quý vị khán giả ở miền Bắc lưu ý là trời sẽ có nhiều mây và đặc biệt là có sương mù,/workspace/datdq/SignWeather/data/scene_keypoints/v158/scene_003.json
train_000773,"Mưa lũ đã gây ra gần 300 điểm sạt lở, làm ảnh hưởng đến hơn 35.000 mét khối đất đá, khiến giao thông nhiều tuyến đường bị tê liệt.",/workspace/datdq/SignWeather/data/scene_keypoints/v144/scene_008.json
train_000778,"cần đề phòng lũ quét sạt lở đất, lũ cục bộ xảy ra trên các sông suối nhỏ",/workspace/datdq/SignWeather/data/scene_keypoints/v064/scene_003.json
train_000779,"Núi Thành, Vy Xuyên cũng bị ngập sâu cục bộ.",/workspace/datdq/SignWeather/data/scene_keypoints/v240/scene_005.json
train_000780,"Đến chiều tối nay, áp thấp nhiệt đới đang cách bờ biển Ninh Thuận khoảng 370 km,",/workspace/datdq/SignWeather/data/scene_keypoints/v026/scene_001.json
train_000784,"Sau đó thì sang ngày mùng 5 Tết, trời sẽ chuyển sang trạng thái là mưa nhỏ, mưa phùn, kèm theo đó là cả sương mù.",/workspace/datdq/SignWeather/data/scene_keypoints/v126/scene_005.json
train_000785,Đối với khu vực Tây Nguyên và Nam Bộ thì mưa dông dự báo cũng sẽ xảy ra vào chiều tối ngày mai,/workspace/datdq/SignWeather/data/scene_keypoints/v165/scene_003.json
train_000787,Nhiệt độ hạ xuống còn khoảng là 21 độ và về đêm mức nhiệt là 16 độ.,/workspace/datdq/SignWeather/data/scene_keypoints/v067/scene_006.json
train_000788,"Và những nơi mưa to nhất thì đó là Thanh Hóa, Nghệ An và Hà Tĩnh.",/workspace/datdq/SignWeather/data/scene_keypoints/v044/scene_005.json
train_000790,"Dự báo chiều và đêm nay, không khí lạnh sẽ xuống sâu hơn, tác động đến khắp Bắc Bộ và nhiều nơi ở Trung Bộ.",/workspace/datdq/SignWeather/data/scene_keypoints/v267/scene_002.json
train_000791,"Cảnh báo lốc xét, gió giật mạnh.",/workspace/datdq/SignWeather/data/scene_keypoints/v264/scene_013.json
train_000792,"Chào chị Ngọc Vân, ngày hôm nay Hà Nội và miền Bắc sau những cơn mưa đã nóng ngay lại rồi, tôi biết là tuần tới chúng ta sẽ tiếp tục đối diện với nắng nóng.",/workspace/datdq/SignWeather/data/scene_keypoints/v270/scene_002.json
train_000794,nhưng từ chiều và chiều tối mai sẽ lại có mưa diện rộng trở lại.,/workspace/datdq/SignWeather/data/scene_keypoints/v078/scene_005.json
train_000795,"Huế 2 ngày tới dự báo không mưa, nắng ráo.",/workspace/datdq/SignWeather/data/scene_keypoints/v253/scene_006.json
train_000796,"Thủ đô Hà Nội đêm nay sáng sớm mai có mưa nhỏ, mưa phùn kèm theo sương mù, trời lạnh, nhiệt độ thấp nhất là 19 độ.",/workspace/datdq/SignWeather/data/scene_keypoints/v033/scene_005.json
train_000797,"Đến thời điểm này, mực nước trên các con sông trên địa bàn tỉnh Quảng Nam vẫn đang dâng rất cao,",/workspace/datdq/SignWeather/data/scene_keypoints/v129/scene_006.json
train_000800,"Cảnh báo sẽ có mưa vừa, mưa to và thậm chí là những nơi mưa rất to.",/workspace/datdq/SignWeather/data/scene_keypoints/v038/scene_007.json
train_000801,"Khu vực Đông Bắc Bộ và Thanh Hóa mưa sẽ kéo dài hơn đến Chủ nhật, với lượng mưa là từ 100-200mm",/workspace/datdq/SignWeather/data/scene_keypoints/v057/scene_004.json
train_000803,Nhật độ cao nhất là 36 độ.,/workspace/datdq/SignWeather/data/scene_keypoints/v176/scene_006.json
train_000808,Từ Hà Tĩnh trở xuống đến Quảng Nam cần đặc biệt lưu ý đến nguy cơ sạt lở đất.,/workspace/datdq/SignWeather/data/scene_keypoints/v074/scene_003.json
train_000809,Nhiệt độ cao nhất phổ biến 35-38 độ và có nơi trên 38 độ.,/workspace/datdq/SignWeather/data/scene_keypoints/v231/scene_004.json
train_000811,Dự báo vùng mưa lớn sẽ dịch dần ra phía bắc miền Trung.,/workspace/datdq/SignWeather/data/scene_keypoints/v238/scene_004.json
train_000812,Còn tại huyện miền núi Nam Trà My thì tình trạng sạt lở cũng đang diễn ra nghiêm trọng.,/workspace/datdq/SignWeather/data/scene_keypoints/v080/scene_009.json
train_000813,"Đối với thủ đô Hà Nội vào đêm nay và sáng ngày mai thì sẽ có mưa vừa, mưa to",/workspace/datdq/SignWeather/data/scene_keypoints/v180/scene_010.json
train_000814,"Thành phố Hồ Chí Minh 2 ngày tới trời nắng, nhiệt độ cao nhất 32 độ.",/workspace/datdq/SignWeather/data/scene_keypoints/v187/scene_010.json
train_000816,"tại khu vực thủ đô Manila. Đến thời điểm này, đã có ít nhất 1 người thiệt mạng và 3 người mất tích do bão.",/workspace/datdq/SignWeather/data/scene_keypoints/v104/scene_005.json
train_000820,Vùng mưa màu xanh thì xuất hiện ở hầu khắp Bắc Bộ và từ Thanh Hóa xuống tới Hà Tĩnh,/workspace/datdq/SignWeather/data/scene_keypoints/v157/scene_002.json
train_000822,"Ngày mai nắng nhiều và khá nóng, nhiệt độ là 34 độ.",/workspace/datdq/SignWeather/data/scene_keypoints/v244/scene_007.json
train_000823,"Riêng tại Sơn La, mức nhiệt có thể tăng tới 4 độ, với nhiệt độ cao nhất ở khu vực này dao động trong khoảng 23 đến 26 độ.",/workspace/datdq/SignWeather/data/scene_keypoints/v060/scene_007.json
train_000824,"Thành phố Huế ngày mai có lúc mưa rào, trời lạnh 23 độ, đến ngày thứ ba chuyển nắng ấm, nhiệt độ tăng lên 24 độ.",/workspace/datdq/SignWeather/data/scene_keypoints/v187/scene_009.json
train_000826,"Vùng ven biển từ Quảng Ninh đến Hà Tĩnh tối nay cần đề phòng gió mạnh cấp 6, cấp 7, giật cấp 9.",/workspace/datdq/SignWeather/data/scene_keypoints/v045/scene_002.json
train_000827,Đây là trận mưa đá đầu tiên trên địa bàn tỉnh từ đầu năm 2021 đến nay.,/workspace/datdq/SignWeather/data/scene_keypoints/v106/scene_003.json
train_000828,"Hiện gió tại đây thì đang ở cấp 10, cấp 11 và giật cấp 12, biển động dữ dội.",/workspace/datdq/SignWeather/data/scene_keypoints/v249/scene_005.json
train_000829,Có những nơi lượng mưa còn vượt 800mm.,/workspace/datdq/SignWeather/data/scene_keypoints/v014/scene_006.json
train_000832,"Từ giờ cho đến đêm nay, mưa lớn vẫn sẽ tiếp diễn khi dự báo bão đi song song với bờ biển của miền Trung.",/workspace/datdq/SignWeather/data/scene_keypoints/v187/scene_003.json
train_000833,"Nước dâng cao đến mức, ngay cả những xe hơi gầm cao cũng phải tìm cách quay đầu khi chuẩn bị vào đường ngập.",/workspace/datdq/SignWeather/data/scene_keypoints/v118/scene_004.json
train_000834,"Chiều cảnh báo mưa rông, gió giật mạnh.",/workspace/datdq/SignWeather/data/scene_keypoints/v044/scene_013.json
train_000835,"Thành phố Nha Trang ban đêm trời mát 25-27 độ, ban ngày có nắng, buổi trưa khá nóng 34 độ.",/workspace/datdq/SignWeather/data/scene_keypoints/v226/scene_012.json
train_000837,Chính vì vậy mà nó vẫn sẽ gây mưa lớn cho miền Trung.,/workspace/datdq/SignWeather/data/scene_keypoints/v238/scene_002.json
train_000838,"Mưa lớn trong vòng 24 giờ qua và nhiều thủy điện xả lũ đã khiến cho mực nước các sông ở Thừa Thiên Huế lên nhanh,",/workspace/datdq/SignWeather/data/scene_keypoints/v216/scene_001.json
train_000841,"Ngày mai nắng ấm, nhiệt độ cao nhất 24 độ.",/workspace/datdq/SignWeather/data/scene_keypoints/v126/scene_014.json
train_000842,Đó là diễn biến tuần tới còn trong ngày mai tại miền Bắc vẫn khá là ấm áp. Riêng buổi sáng quý vị lưu ý là vẫn có một lớp sương mù bao phủ miền Bắc do là gió đông đông nam dồn ấm từ biển vào trong đất liền.,/workspace/datdq/SignWeather/data/scene_keypoints/v016/scene_012.json
train_000845,"Thông tin mới nhất về đợt không khí lạnh đang ảnh hưởng đến nhiều nơi ở Đông Bắc Bộ, trong đó có thủ đô Hà Nội.",/workspace/datdq/SignWeather/data/scene_keypoints/v267/scene_001.json
train_000846,"Đêm nay, thủ đô Hà Nội sẽ có nhiệt độ lạnh 19 độ.",/workspace/datdq/SignWeather/data/scene_keypoints/v218/scene_010.json
train_000847,Ở thủ đô Hà Nội thì dự báo là sẽ có mưa rông về chiều và đêm trong cả hai ngày sắp tới,/workspace/datdq/SignWeather/data/scene_keypoints/v157/scene_008.json
train_000851,Mức nhiệt cao từ 35 đến khoảng 36 độ,/workspace/datdq/SignWeather/data/scene_keypoints/v180/scene_009.json
train_000854,"Còn Tây Nguyên trời cũng nắng và nóng ở Con Tum, Buôn Ma Thuật với mức nhiệt 32-33 độ.",/workspace/datdq/SignWeather/data/scene_keypoints/v124/scene_003.json
train_000855,"Tối nay, mực nước lũ trên sông Thạch Hãn qua Quảng Trị dự báo có thể vượt mức báo động 3 tới hơn 1 mét.",/workspace/datdq/SignWeather/data/scene_keypoints/v000/scene_004.json
train_000856,Bằng hiện tại thì người dân sống tại Texas đang tích cực khắc phục hậu quả do trận bão tuyết.,/workspace/datdq/SignWeather/data/scene_keypoints/v232/scene_006.json
train_000857,"Ở Việt Nam, hạt mưa đá lớn nhất từng ghi nhận vào tháng 3 năm ngoái ở Lai Châu, hạt đá to bằng quả trứng gà.",/workspace/datdq/SignWeather/data/scene_keypoints/v214/scene_004.json
train_000859,"Trong 48 đến 72 giờ tiếp theo, bão sẽ đi vào đất liền Hà Tĩnh đến Thừa Thiên Huế và xuy yếu thành áp thất nhật đới.",/workspace/datdq/SignWeather/data/scene_keypoints/v104/scene_002.json
train_000860,Nước lũ từ sông Hương đổ về cũng đã gây ngập cục bộ nhiều tuyến đường tại trung tâm thành phố Huế,/workspace/datdq/SignWeather/data/scene_keypoints/v216/scene_004.json
train_000861,"Trong đó, tại thủ đô Hà Nội, độ ẩm trong không khí dù sẽ tăng dần từ 40 đến 51%",/workspace/datdq/SignWeather/data/scene_keypoints/v037/scene_002.json
train_000862,"Cường độ của bão khi đó là cấp 11, giật cấp 14.",/workspace/datdq/SignWeather/data/scene_keypoints/v101/scene_003.json
train_000863,Cũng do mưa lũ mà đường sắt qua Quảng Nam đã bị cuốn trôi nhiều đoạn.,/workspace/datdq/SignWeather/data/scene_keypoints/v080/scene_015.json
train_000869,Hết nắng nóng và nhiệt độ cao nhất không quá 32 độ.,/workspace/datdq/SignWeather/data/scene_keypoints/v038/scene_019.json
train_000871,Với tâm mưa là từ Nghệ An đến Quảng Bình. Tổng lượng mưa cả đợt phổ biến 200-400mm và có nơi trên 450mm.,/workspace/datdq/SignWeather/data/scene_keypoints/v119/scene_006.json
train_000873,Nhiệt độ tại TP.HCM và các nơi khác trong khoảng từ 23 đến 25 độ.,/workspace/datdq/SignWeather/data/scene_keypoints/v258/scene_009.json
train_000878,"Cụ thể, vùng núi Bắc Bộ có mưa trong đêm nay đến sáng sớm mai,",/workspace/datdq/SignWeather/data/scene_keypoints/v146/scene_003.json
train_000879,"Khi có mưa to, quý vị hãy cảnh giác và lập tức di rời nếu như nghe thấy tiếng cây gãy đổ, đất đá va chạm vào nhau.",/workspace/datdq/SignWeather/data/scene_keypoints/v260/scene_004.json
train_000881,"Huế cũng có sương mù nhẹ trong đêm nay, sáng sớm mai nhiệt độ thấp nhất 18 độ.",/workspace/datdq/SignWeather/data/scene_keypoints/v018/scene_016.json
train_000882,Ngày mai nắng từ sáng đến chiều nhiệt độ cao nhất là 32 độ.,/workspace/datdq/SignWeather/data/scene_keypoints/v181/scene_005.json
train_000883,"Mưa xảy ra ở hầu khắp các tỉnh thành, trong đó Đắc Nông, Lâm Đồng, Miền Đông Nam Bộ và Cà Mau.",/workspace/datdq/SignWeather/data/scene_keypoints/v143/scene_003.json
train_000885,Với độ ẩm thấp nhất sẽ không vượt quá mức 50%,/workspace/datdq/SignWeather/data/scene_keypoints/v112/scene_002.json
train_000886,"Khả năng đến cuối tuần sau, nhiệt độ sẽ tiếp tục giảm sâu khi không khí lạnh tràn xuống mạnh hơn.",/workspace/datdq/SignWeather/data/scene_keypoints/v082/scene_007.json
train_000888,Vùng nóng trong giai đoạn này ở khu vực Nam Bộ thì dự báo là tập trung chủ yếu ở miền Đông,/workspace/datdq/SignWeather/data/scene_keypoints/v202/scene_005.json
train_000890,"Ngày mai nắng đẹp cả ngày, nhiệt độ cao nhất 27 độ.",/workspace/datdq/SignWeather/data/scene_keypoints/v077/scene_004.json
train_000894,Nắng nóng bất thường đang diễn ra ở Moscow và nhiều khu vực khác của nước Nga.,/workspace/datdq/SignWeather/data/scene_keypoints/v051/scene_001.json
train_000897,"Thưa ông, ngay trong đợt nắng nóng đầu tiên này thì tại Tương Dương của Nghệ An đã xuất hiện mức nhiệt gần 41 độ.",/workspace/datdq/SignWeather/data/scene_keypoints/v234/scene_013.json
train_000898,"Tại thủ đô Hà Nội, đêm nay sáng sớm mai có sương mù nhẹ, trời lạnh 18 độ.",/workspace/datdq/SignWeather/data/scene_keypoints/v018/scene_014.json
train_000899,"Có sương mù nhẹ, nhiệt độ thấp nhất là 23 độ",/workspace/datdq/SignWeather/data/scene_keypoints/v053/scene_010.json
train_000900,"Thậm chí, có những nơi sẽ có mưa rất to với lượng mưa trên 100mm.",/workspace/datdq/SignWeather/data/scene_keypoints/v248/scene_005.json
train_000901,"Đầu giờ chiều nay, gió bão ở Lý Sơn, Quảng Ngãi đã đạt cấp 9, cấp 10, giật cấp 12.",/workspace/datdq/SignWeather/data/scene_keypoints/v059/scene_007.json
train_000907,Thời gian có mức nhiệt nắng nóng trên 35 độ sẽ kéo dài từ 10 cho đến 17 giờ.,/workspace/datdq/SignWeather/data/scene_keypoints/v058/scene_005.json
train_000908,Vì đây là lúc mà sương mù sẽ quay trở lại hầu khắp khu vực miền Bắc cũng như là khu vực Bắc Trung Bộ.,/workspace/datdq/SignWeather/data/scene_keypoints/v073/scene_003.json
train_000909,Hiện vẫn còn hơn 360 ngôi nhà bị ngập.,/workspace/datdq/SignWeather/data/scene_keypoints/v024/scene_001.json
train_000911,"Và phóng viên Hoa Quỳnh đang có mặt tại đỉnh núi Mẫu Sơn của Lạng Sơn, một trong những điểm mà thường xuyên xuất hiện băng giá.",/workspace/datdq/SignWeather/data/scene_keypoints/v075/scene_002.json
train_000912,"Riêng có Điện Biên Phủ và Sơn La thì trời sẽ có nắng cả ngày, nhiệt độ cao hơn hẳn ở mức là 31 độ",/workspace/datdq/SignWeather/data/scene_keypoints/v178/scene_004.json
train_000913,và cụ thể là từ Quảng Bình trở ra tới Bắc Bộ thì khả năng sẽ chuẩn bị có mưa to.,/workspace/datdq/SignWeather/data/scene_keypoints/v235/scene_002.json
train_000914,"Còn tại Bình Định, mưa lớn trong những ngày vừa qua đã khiến nhiều khu dân cư bị cô lập.",/workspace/datdq/SignWeather/data/scene_keypoints/v183/scene_003.json
train_000916,"Cụ thể là từ sáng sớm mai, mưa có thể xuất hiện sớm tại khu vực vùng núi Hà Giang,",/workspace/datdq/SignWeather/data/scene_keypoints/v131/scene_004.json
train_000919,chất lượng không khí ở miền Bắc vẫn sẽ ở mức kém và xấu.,/workspace/datdq/SignWeather/data/scene_keypoints/v208/scene_005.json
train_000921,"Thành phố Hồ Chí Minh đêm nay có mưa rào với nhiệt độ 24 độ, sáng đến trưa mai nắng gián đoạn với nhiệt độ 30 độ, và vào chiều có cảnh báo mưa to, trong cơn giông có thể xuất hiện lốc xoáy và gió giật mạnh.",/workspace/datdq/SignWeather/data/scene_keypoints/v086/scene_011.json
train_000922,"Tại thủ đô Hà Nội đêm nay và sáng mai có sương mù, nhiệt độ thấp nhất là 16 độ. Trưa chiều mai có nắng ấm, nhiệt độ tăng lên 25 độ.",/workspace/datdq/SignWeather/data/scene_keypoints/v016/scene_015.json
train_000923,"Từ đầu năm đến nay, Mộc Châu đã xuất hiện vài trận mưa đá.",/workspace/datdq/SignWeather/data/scene_keypoints/v214/scene_008.json
train_000924,Ở miền Bắc ngày mai sẽ tiếp tục chuỗi ngày nắng ấm,/workspace/datdq/SignWeather/data/scene_keypoints/v202/scene_008.json
train_000926,"Ngày mai nắng lên, nhiệt tăng nhanh, cao nhất là 27 độ",/workspace/datdq/SignWeather/data/scene_keypoints/v053/scene_012.json
train_000927,"Khả năng đến hết tháng 11, khu vực Nam Bộ sẽ dần chuyển sang mùa khô.",/workspace/datdq/SignWeather/data/scene_keypoints/v082/scene_009.json
train_000929,"Theo Trung tâm Khí thượng Thủy Văn tỉnh, hiện tượng mưa đá kèm mưa rào là do ảnh hưởng của gió mùa đông Bắc Mạnh tràn xuống Lào Cai.",/workspace/datdq/SignWeather/data/scene_keypoints/v106/scene_004.json
train_000930,"Bão số 10, có tên quốc tế là Goni, hiện đang di chuyển chủ yếu theo hướng Tây, tiến về phía đất liền miền Trung nước ta.",/workspace/datdq/SignWeather/data/scene_keypoints/v153/scene_001.json
train_000931,"Đà Lạt đêm nay khả năng không có mưa, nhiệt độ thấp nhất chỉ 15 độ.",/workspace/datdq/SignWeather/data/scene_keypoints/v081/scene_007.json
train_000933,"Gần đây, trên các trang mạng đã xuất hiện nhiều hình ảnh và thông tin về việc đỉnh Mẫu Sơn, Lạng Sơn xuất hiện băng giá.",/workspace/datdq/SignWeather/data/scene_keypoints/v200/scene_001.json
train_000934,"Thưa quý vị khán giả, có nắng nên nhiệt độ cũng tăng rất nhanh.",/workspace/datdq/SignWeather/data/scene_keypoints/v133/scene_003.json
train_000935,Tình trạng ngập lũ sâu thì sẽ còn tiếp diễn trong đêm nay và ngày mai.,/workspace/datdq/SignWeather/data/scene_keypoints/v261/scene_005.json
train_000936,Còn đối với Bắc và Trung Trung Bộ thì nắng nóng sẽ kéo dài cho đến hết tháng 8.,/workspace/datdq/SignWeather/data/scene_keypoints/v011/scene_005.json
train_000938,"Trong đó, vùng núi sẽ được cảnh báo có khả năng xuất hiện những điểm mưa vừa và mưa to.",/workspace/datdq/SignWeather/data/scene_keypoints/v248/scene_004.json
train_000941,"Ở miền Trung, khu vực từ Quảng Bình đến Khánh Hòa tối vừa đêm nay có mưa rào nhẹ.",/workspace/datdq/SignWeather/data/scene_keypoints/v258/scene_006.json
train_000942,"Ngày mai trời nắng cả ngày, nhiệt độ cao nhất là 22 độ.",/workspace/datdq/SignWeather/data/scene_keypoints/v050/scene_008.json
train_000944,"Ban ngày sẽ còn nắng ấm, nhiệt độ tăng lên cao nhất 27-28 độ.",/workspace/datdq/SignWeather/data/scene_keypoints/v257/scene_008.json
train_000945,"Huyện Vĩnh Thạnh, tỉnh Bình Định là địa phương bị sạt lở nghiêm trọng do mưa to kéo dài nhiều ngày qua.",/workspace/datdq/SignWeather/data/scene_keypoints/v188/scene_028.json
train_000948,"Không khí rất khô, độ ẩm giảm xuống chỉ còn khoảng 30%.",/workspace/datdq/SignWeather/data/scene_keypoints/v092/scene_008.json
train_000949,Thành phố Hồ Chí Minh đêm nay trời tạnh ráo với nhiệt độ 25 độ.,/workspace/datdq/SignWeather/data/scene_keypoints/v036/scene_017.json
train_000950,Có nhiều tuyến đường ngập sâu đến 4m.,/workspace/datdq/SignWeather/data/scene_keypoints/v188/scene_014.json
train_000956,"Những cơn mưa lớn kéo dài 2 ngày giữa tuần qua tại các nước Đức, Bỉ, Hà Lan và Luxembourg đã làm cho nhiều dòng sông tràn bờ gây lụt lội ở trên diện rộng.",/workspace/datdq/SignWeather/data/scene_keypoints/v113/scene_001.json
train_000957,Kể từ tối nay thì mưa sẽ gia tăng hơn nữa khi mà áp thấp nhiệt đới đi gần hơn về phía đất liền.,/workspace/datdq/SignWeather/data/scene_keypoints/v044/scene_007.json
train_000961,Chuyển sang thông tin liên quan đến tình hình thời tiết. Hôm qua thì đã xuất hiện mưa tuyết và băng giá tại đỉnh Phanxipan của tỉnh Lào Cai.,/workspace/datdq/SignWeather/data/scene_keypoints/v140/scene_001.json
train_000962,"Sau đó, bão đổi hướng đi lên phía bắc, đi dọc vùng ven biển Trung Bộ",/workspace/datdq/SignWeather/data/scene_keypoints/v259/scene_007.json
train_000963,"Hôm nay, thời tiết ở miền Bắc khá đẹp với trời xanh, mây trắng và nắng vàng.",/workspace/datdq/SignWeather/data/scene_keypoints/v208/scene_001.json
train_000964,"ngày hôm qua, toàn bộ vùng biển quanh sích đạo từ trung tâm trở sang phía Đông của Thái Bình Dương đều đã giảm từ 1 đến 3 độ C so với thông thường.",/workspace/datdq/SignWeather/data/scene_keypoints/v219/scene_005.json
train_000965,"Trong 24 đến 36 giờ tới, áp thấp nhiệt đới sẽ di chuyển theo hướng Tây và có khả năng mạnh lên thành bão.",/workspace/datdq/SignWeather/data/scene_keypoints/v190/scene_004.json
train_000967,"Đặc biệt như năm 1988, nhiệt độ trung bình ngày xuống chỉ còn là 9,5 độ.",/workspace/datdq/SignWeather/data/scene_keypoints/v016/scene_004.json
train_000968,"Phạm vi mưa sẽ hẹp, chủ yếu xảy ra ở một số nơi và chủ yếu xuất hiện vào chiều tối với những điểm mưa vừa.",/workspace/datdq/SignWeather/data/scene_keypoints/v060/scene_005.json
train_000970,Mưa to dài ngày đã gây ra sạt lở nghiêm trọng tại một số huyện miền núi,/workspace/datdq/SignWeather/data/scene_keypoints/v188/scene_026.json
train_000973,"Gần 2 ngày di chuyển trên vùng biển Bình Đông, cơn bão số 13 gần như không thay đổi cường độ.",/workspace/datdq/SignWeather/data/scene_keypoints/v218/scene_002.json
train_000974,"Vâng anh Dương, ngày hôm nay nhiệt độ ở Hà Nội vẫn cao tương đương như hôm qua.",/workspace/datdq/SignWeather/data/scene_keypoints/v264/scene_001.json
train_000976,"Sương mù dày đặc, tầm nhìn hạn chế. Mặt đường thì trơn ướt. Đây là tình trạng trên tuyến quốc lộ 6 qua tỉnh Hòa Bình và Sơn La thời điểm này.",/workspace/datdq/SignWeather/data/scene_keypoints/v206/scene_001.json
train_000977,"Do ảnh hưởng của cơn bão số 12 trên địa bàn tỉnh Con Tum có mưa lớn kéo dài,",/workspace/datdq/SignWeather/data/scene_keypoints/v104/scene_008.json
train_000980,"Đà Lạt 2 ngày tới có mưa rông về chiều tối. Ban ngày nắng mây đan xen, nhiệt độ cao nhất 23 độ.",/workspace/datdq/SignWeather/data/scene_keypoints/v257/scene_010.json
train_000981,"Khi không khí ấm gặp nhiệt độ thấp trên cao, sẽ hình thành một lớp mây.",/workspace/datdq/SignWeather/data/scene_keypoints/v208/scene_004.json
train_000985,Nhiệt độ chỉ còn là 33 đến 34 độ.,/workspace/datdq/SignWeather/data/scene_keypoints/v264/scene_006.json
train_000987,Khi thấy mây đen kéo đến nên tìm nơi trú tránh an toàn.,/workspace/datdq/SignWeather/data/scene_keypoints/v040/scene_008.json
train_000991,"Nhiều điểm còn có mưa vừa mưa to, thậm chí có nơi mưa rất to tương ứng với màu xanh lá cây này.",/workspace/datdq/SignWeather/data/scene_keypoints/v195/scene_005.json
train_000992,"Lúc 16h ngày hôm nay, cường độ của bão đang là vào khoảng cấp 8 và giật tới cấp 10.",/workspace/datdq/SignWeather/data/scene_keypoints/v239/scene_002.json
train_000994,"Trọng tâm mưa lớn nhất sẽ nằm tại Hà Tĩnh, Quảng Bình và Quảng Trị với tổng lượng mưa phổ biến là từ 400 đến 600mm,",/workspace/datdq/SignWeather/data/scene_keypoints/v000/scene_006.json
train_000997,"Ngày mai nắng nhiều hơn hôm nay, cảm giác oi nóng 32 độ.",/workspace/datdq/SignWeather/data/scene_keypoints/v084/scene_010.json
train_000998,"Cường độ bão mạnh cấp 9, cấp 10, giật cấp 12, sau đó bão sẽ đi vào đất liền và suy yếu thành một vùng thấp.",/workspace/datdq/SignWeather/data/scene_keypoints/v152/scene_004.json
train_001000,và nó sẽ mang theo mưa ẩm và di chuyển hướng thẳng vào khu vực Trung Bộ.,/workspace/datdq/SignWeather/data/scene_keypoints/v201/scene_003.json
train_001005,"Theo cơ quan dự báo thời tiết của nước này, mưa lớn suy giảm vào cuối tuần.",/workspace/datdq/SignWeather/data/scene_keypoints/v212/scene_002.json
train_001007,Mức nước chiều đạt 1m72 vào lúc 17h ngày 15 tháng 11.,/workspace/datdq/SignWeather/data/scene_keypoints/v118/scene_002.json
train_001009,"Tại TP.HCM và các tỉnh thành khác, Tết thường nắng ráo, nhiệt độ phổ biến trong khoảng 31-33 độ.",/workspace/datdq/SignWeather/data/scene_keypoints/v016/scene_007.json
train_001014,"Theo dự báo, các tỉnh Nam Trung Bộ sẽ tiếp tục hứng chịu đợt lũ mới.",/workspace/datdq/SignWeather/data/scene_keypoints/v216/scene_008.json
train_001015,"Sáng ngày mai, chủ nhật có thể có mưa, nhiệt độ giảm xuống 29 độ.",/workspace/datdq/SignWeather/data/scene_keypoints/v175/scene_009.json
train_001017,"Tại Hà Tĩnh vào thời điểm này, mưa đã ngớt nhưng mức nước lũ vẫn đang dao động ở mức đỉnh.",/workspace/datdq/SignWeather/data/scene_keypoints/v071/scene_003.json
train_001018,Cụ thể đợt đầu tiên là vào khoảng ngày thứ 2 và thứ 3 tuần sau. Khi mà không khí lạnh tăng cường xuống thì nhiệt độ sẽ giảm khoảng 2-3 độ so với ngày hôm nay xuống còn mức 22-23 độ. Trời có thêm mưa nữa nên cảm giác là se se lạnh.,/workspace/datdq/SignWeather/data/scene_keypoints/v016/scene_010.json
train_001019,"Cường độ bão mạnh cấp 8, cấp 9 và giật tới cấp 11.",/workspace/datdq/SignWeather/data/scene_keypoints/v239/scene_004.json
train_001020,"Huế đêm nay không mưa, rét nhẹ 18 độ.",/workspace/datdq/SignWeather/data/scene_keypoints/v067/scene_011.json
train_001022,Thủ đô Hà Nội đêm nay có nhiệt độ rét nhẹ 18 độ.,/workspace/datdq/SignWeather/data/scene_keypoints/v092/scene_007.json
train_001024,Ngày mai nắng gián đoạn cao nhất 31 độ.,/workspace/datdq/SignWeather/data/scene_keypoints/v235/scene_012.json
train_001025,"sẽ là nơi nóng khô nhất, tương ứng với màu đỏ nhất trên bản đồ nhiệt này.",/workspace/datdq/SignWeather/data/scene_keypoints/v040/scene_004.json
train_001028,"Cụ thể, trong đêm nay và ngày mai, khoảng cách nhiệt độ tại thủ đô Hà Nội và nhiều tỉnh thành khác sẽ chênh lệch từ 9 đến 13 độ.",/workspace/datdq/SignWeather/data/scene_keypoints/v116/scene_003.json
train_001030,"Mưa to duy trì sang cả sáng ngày mai, sau đó mới giảm dần, nhiệt độ cao nhất 23 độ.",/workspace/datdq/SignWeather/data/scene_keypoints/v074/scene_010.json
train_001033,"Từ trưa chiều mai dứt mưa khô rào dần, nhiệt độ tăng lên 25 độ.",/workspace/datdq/SignWeather/data/scene_keypoints/v189/scene_009.json
train_001036,Thực tế là trong ngày hôm nay và ngày mai thì sẽ là giai đoạn hanh khô nhất ở khu vực miền Bắc.,/workspace/datdq/SignWeather/data/scene_keypoints/v003/scene_001.json
train_001037,Ở Phú Yên có nơi lên đến hơn 280mm.,/workspace/datdq/SignWeather/data/scene_keypoints/v188/scene_015.json
train_001039,"Nhưng sang tới ngày mai, nắng nhiều, nhiệt độ tăng lên rất nhanh, lên mức là 20-23 độ, cảm giác ấm áp.",/workspace/datdq/SignWeather/data/scene_keypoints/v003/scene_005.json
train_001042,"Trong đợt mưa lũ lịch sử của miền Trung vừa rồi, Quảng Nam cũng đã có mưa rất lớn trên 2000mm, khiến cho đất đá bị phá vỡ kết cấu",/workspace/datdq/SignWeather/data/scene_keypoints/v030/scene_002.json
train_001044,"Mức nhiệt tại đây 33-34 độ, còn những nơi khác giao động quanh ngưỡng là từ 30-32 độ.",/workspace/datdq/SignWeather/data/scene_keypoints/v033/scene_004.json
train_001045,"Khi gió tăng tốc đột ngột và mạnh lên tới cấp 7-8, cây cối có thể bị quật đảo theo nhiều hướng và gãy đổ.",/workspace/datdq/SignWeather/data/scene_keypoints/v125/scene_005.json
train_001048,"Thành phố Hồ Chí Minh vào 2 ngày cuối tuần trời có nắng 33 độ, chiều tối có thể xảy ra ngập úng do chiều cường cao và mưa rông.",/workspace/datdq/SignWeather/data/scene_keypoints/v263/scene_005.json
train_001049,Dự báo là đêm nay ở khu vực đồng bằng thì nhiệt độ chỉ từ 10-13 độ,/workspace/datdq/SignWeather/data/scene_keypoints/v112/scene_003.json
train_001050,"Ngoài ra, còn có một áp thấp nhiệt đới trên Biển Đông có khả năng mạnh lên thành bão.",/workspace/datdq/SignWeather/data/scene_keypoints/v201/scene_002.json
train_001051,"Thành phố Hồ Chí Minh đêm nay ít mưa, trời mát khoảng là 25 độ,",/workspace/datdq/SignWeather/data/scene_keypoints/v163/scene_011.json
train_001054,Vấn đề lo ngại nhất trong cơn bão này tiếp tục là mưa lớn,/workspace/datdq/SignWeather/data/scene_keypoints/v173/scene_006.json
train_001055,Mưa lớn cũng sẽ tạo ra một đợt lũ trên các sông thuộc khu vực này.,/workspace/datdq/SignWeather/data/scene_keypoints/v038/scene_010.json
train_001061,"Hiện huyện Nam Trà My vẫn đang có mưa lớn, mực nước các sông đang lên nhanh.",/workspace/datdq/SignWeather/data/scene_keypoints/v080/scene_010.json
train_001063,"lượng mưa đo được tại khu vực Đèo Cả, huyện Vạn Ninh là hơn 323mm.",/workspace/datdq/SignWeather/data/scene_keypoints/v188/scene_009.json
train_001065,Cơn bão số 8 hiện vẫn đang đi rất nhanh và hướng thẳng về phía đất liền miền Trung,/workspace/datdq/SignWeather/data/scene_keypoints/v173/scene_001.json
train_001066,"Mưa lớn ở Thượng Nguồn, nước đổ về vùng hạ lưu lớn,",/workspace/datdq/SignWeather/data/scene_keypoints/v188/scene_011.json
train_001067,Bão Assani dự báo khi đi vào Biển Đông sẽ suy yếu dần.,/workspace/datdq/SignWeather/data/scene_keypoints/v171/scene_001.json
train_001068,Điểm đáng chú ý của đợt rét này đó là trời còn có cả mưa nữa nên nguy cơ xuất hiện băng giá,/workspace/datdq/SignWeather/data/scene_keypoints/v009/scene_002.json
train_001069,"Dù chỉ còn là một vùng thấp, nhưng nó vẫn gây ra đợt mưa lũ nặng nề cho khu vực Quảng Nam, Quảng Ngãi và Bình Định.",/workspace/datdq/SignWeather/data/scene_keypoints/v002/scene_003.json
train_001072,"Cảnh báo vùng nguy hiểm do bão trên biển Đông trong 24 giờ tới là từ vĩ tuyến 13 đến 18 độ vĩ Bắc,",/workspace/datdq/SignWeather/data/scene_keypoints/v104/scene_003.json
train_001074,Ngày mai trời có nắng nhiệt độ cao nhất 31 độ.,/workspace/datdq/SignWeather/data/scene_keypoints/v012/scene_012.json
train_001075,Mưa lớn kéo dài từ đêm qua đến chiều nay kết hợp với một số hồ thủy điện xả lũ với lưu lượng lớn,/workspace/datdq/SignWeather/data/scene_keypoints/v188/scene_012.json
train_001078,Trời sẽ khô dần và chuyển sang trạng thái se lạnh.,/workspace/datdq/SignWeather/data/scene_keypoints/v248/scene_007.json
train_001079,"Bão số 13 đã qua giai đoạn mạnh nhất, bão đã giảm xuống còn cấp 12",/workspace/datdq/SignWeather/data/scene_keypoints/v249/scene_007.json
train_001080,Đến cuối tuần các ngày thứ 7 và chủ nhật trời lại chuyển mưa lạnh và khi đó nhiệt độ hạ xuống còn khoảng là 24-26 độ.,/workspace/datdq/SignWeather/data/scene_keypoints/v242/scene_004.json
train_001081,"Chiều nay, ngày 17 tháng 10 năm 2020, tại tỉnh Quảng Bình đã có thêm hàng chục nghìn căn nhà bị ngập do mưa lũ.",/workspace/datdq/SignWeather/data/scene_keypoints/v164/scene_007.json
train_001082,Mưa vẫn xảy ra ở nhiều tỉnh thành,/workspace/datdq/SignWeather/data/scene_keypoints/v043/scene_011.json
train_001085,Nguy cơ ngập úng vùng trúng thấp và sạt lở đất ở vùng núi vẫn có thể xảy ra.,/workspace/datdq/SignWeather/data/scene_keypoints/v140/scene_016.json
train_001089,"Hôm nay Hà Nội bước vào đợt rét đậm, rét hại.",/workspace/datdq/SignWeather/data/scene_keypoints/v166/scene_006.json
train_001090,"Vâng anh Dương, mưa lớn đã chấm dứt, các hồ chứa thủy điện, thủy lợi thì đang giảm dần lượng nước điều tiết nên lũ trên các sông xuống dần.",/workspace/datdq/SignWeather/data/scene_keypoints/v087/scene_001.json
train_001092,"Ngày mai khi gió lạnh về mạnh hơn, nhiệt độ sẽ giảm xuống còn 13 độ.",/workspace/datdq/SignWeather/data/scene_keypoints/v009/scene_015.json
train_001094,Càng đến chiều thì mưa lại càng lan rộng hơn ở khắp khu vực phía Nam.,/workspace/datdq/SignWeather/data/scene_keypoints/v205/scene_003.json
train_001095,Bang New South Wales đang ở giữa đợt năng nóng gay gắt,/workspace/datdq/SignWeather/data/scene_keypoints/v065/scene_007.json
train_001098,"Sáng sớm mai có xuân mùa nhẹ, đến trưa chiều thì trời hừng nắng ấm.",/workspace/datdq/SignWeather/data/scene_keypoints/v082/scene_012.json
train_001099,ngày mai trời nắng ráo.,/workspace/datdq/SignWeather/data/scene_keypoints/v039/scene_008.json
train_001101,"Tình trạng ngập lụt cũng xảy ra tại các huyện Bình Sơn, Sơn Tịnh, Nghĩa Hành, Đức Phổ, Tư Nghĩa.",/workspace/datdq/SignWeather/data/scene_keypoints/v080/scene_012.json
train_001102,"Ngày mai trời có nắng, ấm áp, cao nhất là 19 độ.",/workspace/datdq/SignWeather/data/scene_keypoints/v003/scene_009.json
train_001104,"Mưa lớn kéo dài nhiều ngày qua đã gây thiệt hại hơn 100 hecta hoa màu,",/workspace/datdq/SignWeather/data/scene_keypoints/v144/scene_003.json
train_001105,"Khoảng sáng mai, bão sẽ đi vào khu vực từ Quảng Nam đến Bình Định với cường độ khoảng cấp 12-13, giật cấp 15.",/workspace/datdq/SignWeather/data/scene_keypoints/v041/scene_005.json
train_001108,"Do đó, bà con đang ở trong vùng mưa lũ cần hết sức cảnh giác và chú ý đảm bảo an toàn khi di chuyển.",/workspace/datdq/SignWeather/data/scene_keypoints/v014/scene_008.json
train_001110,Thành phố Hồ Chí Minh dự báo là chiều tối mai sẽ có mưa rào vài nơi.,/workspace/datdq/SignWeather/data/scene_keypoints/v151/scene_013.json
train_001111,"Trước khi bão vào đất liền, tất cả các tàu thuyền ven biển đã được vào nơi an toàn.",/workspace/datdq/SignWeather/data/scene_keypoints/v032/scene_006.json
train_001112,Dự báo là trong tối và đêm nay thì mưa vẫn sẽ tập trung chủ yếu ở khu vực vùng núi và Trung Du Bắc Bộ là chính.,/workspace/datdq/SignWeather/data/scene_keypoints/v029/scene_004.json
train_001118,"Từ ngày 3 tháng 4 tới, nắng nóng sẽ kết thúc tại 2 khu vực này.",/workspace/datdq/SignWeather/data/scene_keypoints/v234/scene_006.json
train_001120,"Trong mưa rông, rất dễ kèm theo sấm xét, gió giật mạnh và lốc xoáy nguy hiểm.",/workspace/datdq/SignWeather/data/scene_keypoints/v231/scene_006.json
train_001122,Chiều nay áp thấp nhật đới đã suy yếu từ bão số 7 và đi vào đất liền các tỉnh từ Hải Phòng đến Nam Định,/workspace/datdq/SignWeather/data/scene_keypoints/v032/scene_001.json
train_001124,Tình trạng ngập lụt đã ảnh hưởng đến 16 tỉnh thành trên cả nước.,/workspace/datdq/SignWeather/data/scene_keypoints/v213/scene_001.json
train_001125,"Ít nhất 11 người thiệt mạng và 102 người khác bị thương trong một trận mưa đá nghiêm trọng xảy ra tại thành phố Nam Thông, tỉnh Giang Tô, Trung Quốc vào đêm qua.",/workspace/datdq/SignWeather/data/scene_keypoints/v069/scene_001.json
train_001127,"Ở Bắc Bộ đến đêm nay mới có mưa và cũng chỉ là mưa nhỏ, lượng dưới 25mm.",/workspace/datdq/SignWeather/data/scene_keypoints/v078/scene_007.json
train_001128,Nhận định về cường độ của cơn bão này sẽ mạnh nhất ở cấp 11 giật cấp 14 khi di chuyển đến gần đảo Hải Nam Trung Quốc,/workspace/datdq/SignWeather/data/scene_keypoints/v173/scene_002.json
train_001129,Với những nơi khác của Bắc và Bắc Trung Bộ thì xảy ra rét đậm trên diện rộng trong 2 ngày tới.,/workspace/datdq/SignWeather/data/scene_keypoints/v151/scene_003.json
train_001130,Tuy nhiên có một thông tin tích cực đó là từ ngày mai thì khả năng là mưa ẩm sẽ kết thúc.,/workspace/datdq/SignWeather/data/scene_keypoints/v189/scene_002.json
train_001132,Từ nửa đêm nay thì mưa sẽ bắt đầu xuất hiện ở khu vực vùng núi phía Bắc,/workspace/datdq/SignWeather/data/scene_keypoints/v180/scene_004.json
train_001134,Nếu buổi sáng cả sông Côn Bình Định và sông Ba Phú Yên đều cảnh báo lũ khẩn cấp thì sang chiều con nước đã rút nhanh.,/workspace/datdq/SignWeather/data/scene_keypoints/v087/scene_002.json
train_001138,"Ngày mai trời nắng liên tục, giữa trưa là 32 độ.",/workspace/datdq/SignWeather/data/scene_keypoints/v236/scene_009.json
train_001140,"Yếu tố thứ hai là trời rất khô hanh, độ ẩm ngày mai ở miền Bắc sẽ dao động từ 50 đến 65%.",/workspace/datdq/SignWeather/data/scene_keypoints/v116/scene_005.json
train_001143,Nhiệt độ thấp nhất trong đêm nay là 15 độ.,/workspace/datdq/SignWeather/data/scene_keypoints/v007/scene_004.json
train_001145,"Với Đà Nẵng thì dự báo đêm nay có lúc có mưa,",/workspace/datdq/SignWeather/data/scene_keypoints/v028/scene_009.json
train_001146,"Đối với Thừa Thiên Huế đến Bình Định dự báo là trong đêm nay sẽ tiếp tục có mưa to,",/workspace/datdq/SignWeather/data/scene_keypoints/v008/scene_004.json
train_001148,Đỉnh núi Phan Xì Bang tại Lào Cai là một trong những nơi vừa có mưa vừa rất lạnh vào đợt này,/workspace/datdq/SignWeather/data/scene_keypoints/v009/scene_004.json
train_001149,"Với thời tiết của khu vực Nam Bộ thì chiều mai sẽ có mưa trái mùa ở nhiều nơi,",/workspace/datdq/SignWeather/data/scene_keypoints/v162/scene_004.json
train_001151,"Toàn bộ tàu thuyền hoạt động trong vùng này đều có nguy cơ chịu tác động của gió mạnh, sóng lớn.",/workspace/datdq/SignWeather/data/scene_keypoints/v026/scene_004.json
train_001152,"Nhiệt độ trung bình ngày hầu hết đều trên 20 độ, thậm chí là năm 2019 có ngày còn lên tới 26 độ.",/workspace/datdq/SignWeather/data/scene_keypoints/v016/scene_005.json
train_001157,Nguy cơ sạt lở ở vùng núi từ Thứa Thiên Huế đến Bình Định vẫn còn ở mức rất cao.,/workspace/datdq/SignWeather/data/scene_keypoints/v257/scene_004.json
train_001158,Tây Nguyên và Nam Bộ cũng có nguy cơ cao xảy ra các hiện tượng này vào chiều tối ngày 28 tháng 4 và kéo dài cho đến ngày 1 tháng 5.,/workspace/datdq/SignWeather/data/scene_keypoints/v215/scene_004.json
train_001159,"TP.HCM và hầu hết các nơi khác ở miền Đông Nam Bộ đều là 34 độ, khá nóng.",/workspace/datdq/SignWeather/data/scene_keypoints/v068/scene_005.json
train_001160,"Mưa lũ đã gây ngập úng, ngập lụt và sạt lở, khiến nhiều tuyến đường ở miền Trung bị chia cắt.",/workspace/datdq/SignWeather/data/scene_keypoints/v221/scene_001.json
train_001161,Dự báo sáng đến chiều 2 ngày đầu tuần tới trời nắng 31-33 độ.,/workspace/datdq/SignWeather/data/scene_keypoints/v137/scene_009.json
train_001163,"Ngày mai, đỉnh triều trên sông Hậu tại Cần Thơ và sông Tiền ở Mỹ Thuận sẽ đạt mức trên báo động 3, dao động từ 13-23 cm.",/workspace/datdq/SignWeather/data/scene_keypoints/v034/scene_004.json
train_001165,"Trong đêm nay và ngày mai, hoàn lưu của áp thấp nhiệt đới sẽ chủ yếu gây thời tiết xấu trên biển, vì vậy các tàu thuyền hoạt động trong vùng nguy hiểm này cần nhanh chóng di chuyển để tránh rủi ro.",/workspace/datdq/SignWeather/data/scene_keypoints/v163/scene_004.json
train_001171,Từ Nghệ An đến Quảng Ngãi thì cần phải lưu ý đến nguy cơ về lũ quét và sạt lở đất,/workspace/datdq/SignWeather/data/scene_keypoints/v179/scene_005.json
train_001174,Quảng Trị đến Quảng Ngãi sẽ có mưa lớn với lượng mưa là từ 100-200mm và có nơi trên 200mm.,/workspace/datdq/SignWeather/data/scene_keypoints/v009/scene_011.json
train_001185,"Tuy nhiên, thời tiết cực đoan sẽ kéo dài đến ngày 25 tháng 3.",/workspace/datdq/SignWeather/data/scene_keypoints/v212/scene_003.json
train_001186,"Chuyển sang một thông tin khác, thành phố Hồ Chí Minh đang đón đợt chiều cường với bức nước 1m75, cao kỷ lục của năm 2020.",/workspace/datdq/SignWeather/data/scene_keypoints/v036/scene_001.json
train_001187,"Dự báo từ đêm nay, miền Trung sẽ bước vào một đợt mưa lớn.",/workspace/datdq/SignWeather/data/scene_keypoints/v207/scene_001.json
train_001188,"Sang ngày mai, tại một số thành phố như Thanh Hóa, Vinh và Hà Tĩnh, dự báo trời sẽ nắng và nhiệt độ cao nhất dao động trong khoảng 26-28 độ.",/workspace/datdq/SignWeather/data/scene_keypoints/v015/scene_008.json
train_001191,Mức ngập đến khoảng nửa bánh xe máy.,/workspace/datdq/SignWeather/data/scene_keypoints/v034/scene_005.json
train_001198,Và trong thời tiết nắng nóng thì cục kiểm lâm khuyến cáo người dân là không sử dụng lửa trong và gần rừng.,/workspace/datdq/SignWeather/data/scene_keypoints/v058/scene_006.json
train_001199,"Vùng nguy hiểm trên biển Đông được xác định từ vĩ tuyến 15 đến 20 độ vĩ Bắc, và từ kinh tuyến 112 đến 118 độ kinh Đông.",/workspace/datdq/SignWeather/data/scene_keypoints/v092/scene_004.json
train_001200,"Nhiều nơi sẽ có mưa vừa, mưa to",/workspace/datdq/SignWeather/data/scene_keypoints/v180/scene_005.json
train_001201,"Đặc biệt là trong tháng 4, tháng 5 này thì sẽ là cao điểm xảy ra các hiện tượng rông lốc mưa đá và sấm xét.",/workspace/datdq/SignWeather/data/scene_keypoints/v214/scene_009.json
train_001202,"Nguyên nhân là do mưa lớn, nước thoát không kịp.",/workspace/datdq/SignWeather/data/scene_keypoints/v004/scene_001.json
train_001204,Dự báo khắp Bắc Bộ vẫn nằm trong vùng nhiệt cao 35-37 độ.,/workspace/datdq/SignWeather/data/scene_keypoints/v154/scene_005.json
train_001205,"Mưa đợt này còn có thể gây ra lũ quét, sạt lở đất và ngập úng cục bộ tại khu vực vùng núi",/workspace/datdq/SignWeather/data/scene_keypoints/v156/scene_007.json
train_001207,"Ở thành phố Đà Nẵng dự báo đêm nay có lúc có mưa, trời rét 16 độ.",/workspace/datdq/SignWeather/data/scene_keypoints/v012/scene_008.json
train_001211,"Các công trình thủy lợi và nước sinh hoạt tại các địa phương đã bị hư hỏng, thiệt hại nặng nề do mưa lũ kéo dài trong những ngày qua.",/workspace/datdq/SignWeather/data/scene_keypoints/v145/scene_003.json
train_001212,"Chị Quỳnh Anh thân mến, hôm nay được dự báo là ngày rét nhất trong đợt.",/workspace/datdq/SignWeather/data/scene_keypoints/v103/scene_002.json
train_001213,Ngày mai từ chiều sẽ có mưa do tác động của bão,/workspace/datdq/SignWeather/data/scene_keypoints/v173/scene_012.json
train_001214,"Mưa đã giảm, lũ trên các sông cũng đang dần xuống.",/workspace/datdq/SignWeather/data/scene_keypoints/v222/scene_002.json
train_001219,"Sang ngày mai, khi bão quay ngược trở ra lại biển Đông, rời xa khu vực đất liền thì mưa sẽ chấm dứt.",/workspace/datdq/SignWeather/data/scene_keypoints/v187/scene_005.json
train_001220,Trên địa bàn tỉnh Quảng Nam cũng đã xuất hiện mưa lớn trở lại,/workspace/datdq/SignWeather/data/scene_keypoints/v188/scene_020.json
train_001221,Vùng trọng tâm mưa lớn thì sẽ là ở Nam Nghệ An cho tới Quảng Ngãi với tổng lượng mưa ước tính là từ 400mm cho tới 700mm,/workspace/datdq/SignWeather/data/scene_keypoints/v014/scene_005.json
train_001222,"Riêng phía Tây, ít chịu ảnh hưởng của không khí lạnh nên nền nhiệt cao hơn hẳn là 27-31 độ.",/workspace/datdq/SignWeather/data/scene_keypoints/v088/scene_008.json
train_001224,"Hà Nội đêm nay và sáng mai có mưa rào kèm rông trời lạnh, nhiệt độ thấp nhất 21 độ.",/workspace/datdq/SignWeather/data/scene_keypoints/v110/scene_007.json
train_001226,Mưa vừa làm giảm nhiệt độ ở khu vực miền Bắc lại vừa làm chúng ta cảm thấy là trời lạnh hơn.,/workspace/datdq/SignWeather/data/scene_keypoints/v115/scene_006.json
train_001230,"Mưa lớn kéo dài đã gây nên tình trạng ngập úng ở các quận Hải Châu, Liên Triểu, Thanh Khe, Ngũ Hành Sơn,",/workspace/datdq/SignWeather/data/scene_keypoints/v152/scene_008.json
train_001231,"Hai tuần mưa lũ đã khiến hàng loạt sông ở Quảng Bình, Quảng Trị, Thừa Thiên Huế dâng cao ở mức chưa từng có.",/workspace/datdq/SignWeather/data/scene_keypoints/v046/scene_003.json
train_001232,Mưa diện rộng sẽ kéo dài ít nhất đến thứ Tư tuần sau.,/workspace/datdq/SignWeather/data/scene_keypoints/v201/scene_004.json
train_001233,Đà Lạt cũng có mưa rào bất chợt và trời luôn rét.,/workspace/datdq/SignWeather/data/scene_keypoints/v159/scene_007.json
train_001234,"Theo nhận định của các chuyên gia, nền nhiệt mùa đông năm nay có khả năng thấp hơn so với năm ngoái.",/workspace/datdq/SignWeather/data/scene_keypoints/v252/scene_002.json
train_001237,Riêng Hà Giang và Ninh Bình sẽ oi bức 33-34 độ.,/workspace/datdq/SignWeather/data/scene_keypoints/v195/scene_008.json
train_001238,"Ngoài sạt lở, ngập lụt ở những vùng trũng thấp cũng đang gia tăng nhanh chóng và mở rộng khi lũ trên các sông dâng cao.",/workspace/datdq/SignWeather/data/scene_keypoints/v000/scene_003.json
train_001239,"Đối với thủ đô Hà Nội đêm nay không mưa, mức nhiệt 27 độ.",/workspace/datdq/SignWeather/data/scene_keypoints/v058/scene_007.json
train_001242,"Quảng Bình yêu cầu các địa phương chủ động ứng phó với tình huống mưa lớn kéo dài,",/workspace/datdq/SignWeather/data/scene_keypoints/v123/scene_003.json
train_001244,Dự báo là nắng ấm như thế này cũng sẽ duy trì cho đến tận ngày mùng 4 Tết với mức nhiệt cao nhất ở thủ đô Hà Nội là vào khoảng 23 đến 25 độ.,/workspace/datdq/SignWeather/data/scene_keypoints/v126/scene_004.json
train_001245,"Nước lũ vẫn bao vây nhiều xóm làng và gây chia cắt nhiều tuyến đường tại các vùng trũng thấp như Đại Lộc, Tam Kỳ, Duy Xuyên.",/workspace/datdq/SignWeather/data/scene_keypoints/v129/scene_007.json
train_001246,Từ tháng 8 thì các tỉnh Bắc Bộ nắng nóng sẽ giảm dần.,/workspace/datdq/SignWeather/data/scene_keypoints/v234/scene_011.json
train_001247,Ở cả vùng đồng bằng như thủ đô Hà Nội và vùng núi Sơn La dự báo nhiệt độ cao nhất 7 ngày tới đều trên 35 độ.,/workspace/datdq/SignWeather/data/scene_keypoints/v241/scene_004.json
train_001249,"Đợt mưa tới đây sẽ diễn ra trong khoảng 4 ngày,",/workspace/datdq/SignWeather/data/scene_keypoints/v207/scene_003.json
train_001250,Đợt nắng nóng đang diễn ra ở Tây Bắc Bộ và Trung Bộ đánh dấu bắt đầu mùa nóng.,/workspace/datdq/SignWeather/data/scene_keypoints/v234/scene_007.json
train_001251,"Trong khi nước lũ từ đợt mưa vừa qua vẫn chưa rút hết, chiều nay, người dân ở Quảng Bình lại phải đối mặt với một đợt mưa lũ mới.",/workspace/datdq/SignWeather/data/scene_keypoints/v164/scene_005.json
train_001255,"Tại Quảng Trị, Thứa Thiên Huế, Đà Nẵng, Con Tum và Gia Lai thì lượng mưa là từ 50-80mm, có nơi trên 100mm.",/workspace/datdq/SignWeather/data/scene_keypoints/v257/scene_002.json
train_001256,Đây là kinh nghiệm ứng phó khi triều cường đạt đỉnh vào ngày 16 tháng 11.,/workspace/datdq/SignWeather/data/scene_keypoints/v118/scene_003.json
train_001259,Trong đó thì khu vực từ Thừa Thiên Huế đến Bình Định sẽ là trọng tâm mưa lớn,/workspace/datdq/SignWeather/data/scene_keypoints/v168/scene_009.json
train_001265,Mưa lũ đã khiến 12 tuyến quốc lộ bị chia cắt và hơn 200.000 hecta lúa hoa màu bị ngập hư hại.,/workspace/datdq/SignWeather/data/scene_keypoints/v046/scene_002.json
train_001268,"Các đợt mưa tuyết trong mùa đông ở Bắc Bộ, Bắc Trung Bộ ngày càng nhiều hơn",/workspace/datdq/SignWeather/data/scene_keypoints/v043/scene_005.json
train_001274,"Cùng với lực lượng tại chỗ, các điều kiện để người dân chống chọi với tình trạng ngập lụt đã được chuẩn bị từ trước bão số 12.",/workspace/datdq/SignWeather/data/scene_keypoints/v216/scene_006.json
train_001276,"Còn tại tỉnh Khánh Hòa, đến chiều nay nước lũ trên các sông đã giảm nhưng ngập lụt vẫn còn kéo dài ở vùng Hạ Lưu.",/workspace/datdq/SignWeather/data/scene_keypoints/v216/scene_005.json
train_001277,"Lần đầu tiên từ đầu mùa đông đến giờ, nhiệt độ thấp nhất ở hầu khắp các thành phố các khu vực này sẽ trong khoảng 11-14 độ.",/workspace/datdq/SignWeather/data/scene_keypoints/v193/scene_005.json
train_001279,"Trong đó đêm chủ nhật và ngày thứ hai có khả năng xảy ra mưa vừa mưa to, có nơi mưa rất to.",/workspace/datdq/SignWeather/data/scene_keypoints/v226/scene_007.json
train_001280,"Trưa chiều mai, trời sẽ khô ráo, nhiệt độ tăng lên 16 độ.",/workspace/datdq/SignWeather/data/scene_keypoints/v174/scene_009.json
train_001281,"Khi bão tuyết ập tới, người Việt ở Texas đã trải qua gần 60 tiếng sống trong cảnh không có điện, không có nước.",/workspace/datdq/SignWeather/data/scene_keypoints/v232/scene_005.json
train_001284,Các công tác chỉ đạo ứng phó với mưa lũ tại khu vực Trũng Thấp và Tây Nguyên cần tiếp tục được triển khai.,/workspace/datdq/SignWeather/data/scene_keypoints/v120/scene_004.json
train_001285,"Sang ngày mai, nắng đẹp từ sáng đến chiều, 21 độ.",/workspace/datdq/SignWeather/data/scene_keypoints/v009/scene_017.json
train_001287,Mưa lớn đã khiến thủ đô Manila với 12 triệu dân cùng các khu vực lân cận bị ngập lụt.,/workspace/datdq/SignWeather/data/scene_keypoints/v104/scene_006.json
train_001288,Cảnh báo vùng núi cao có nơi dưới 0 độ và có khả năng xảy ra băng giá mưa tuyết.,/workspace/datdq/SignWeather/data/scene_keypoints/v267/scene_004.json
train_001289,Nhiệt độ thấp nhất đêm nay tại Hà Nội và các nơi khác phổ biến từ 10 đến 14 độ.,/workspace/datdq/SignWeather/data/scene_keypoints/v087/scene_006.json
train_001296,"Vâng anh Dương, chiều nay thì bắt đầu ghi nhận có mưa to ở khu vực phía Tây Bắc Bộ và vùng núi Thanh Hóa.",/workspace/datdq/SignWeather/data/scene_keypoints/v110/scene_003.json
train_001297,Không chỉ có TP.HCM mà ở Cần Thơ và Vĩnh Long cũng có khả năng bị ngập úng,/workspace/datdq/SignWeather/data/scene_keypoints/v170/scene_004.json
train_001301,"tiếp tục có mưa to đến rất to, lượng mưa cả đợt từ 150 đến 250mm.",/workspace/datdq/SignWeather/data/scene_keypoints/v045/scene_011.json
train_001302,"Về mưa lớn ở Trung Bộ, dự báo từ giờ đến sáng mai, khu vực Hà Tĩnh xuống đến Khánh Hòa tiếp tục có mưa vừa mưa to",/workspace/datdq/SignWeather/data/scene_keypoints/v140/scene_014.json
train_001304,"Huế đêm nay không mưa, 23 độ. Ngày mai trời nắng đẹp, nhiệt độ cao nhất 30 độ.",/workspace/datdq/SignWeather/data/scene_keypoints/v110/scene_009.json
train_001307,"Đối với khu vực từ Đà Nẵng tới Bình Thuận thì dự báo cũng có mưa rông về chiều tối 2 ngày cuối tháng, tuy nhiên nguy cơ xảy ra rông gió mạnh nhận định là chỉ ở mức trung bình.",/workspace/datdq/SignWeather/data/scene_keypoints/v215/scene_005.json
train_001312,"Vào chiều tối, trời sẽ rất rét, và nhiệt độ vào chiều ngày mai có thể giảm hơn 10 độ so với chiều hôm nay.",/workspace/datdq/SignWeather/data/scene_keypoints/v160/scene_005.json
train_001315,Đối với thủ đô Hà Nội đêm nay trời không mưa và có gió mát 26 độ.,/workspace/datdq/SignWeather/data/scene_keypoints/v011/scene_010.json
train_001316,Thành phố Hồ Chí Minh đêm nay trời mát mưa vài nơi 26 độ.,/workspace/datdq/SignWeather/data/scene_keypoints/v264/scene_012.json
train_001317,"Thành phố Hồ Chí Minh sẽ có một buổi tối tạnh ráo, dịu mát với nhiệt độ thấp nhất là 25 độ.",/workspace/datdq/SignWeather/data/scene_keypoints/v168/scene_013.json
train_001318,Còn Quảng Trị đến Quảng Nam thì lượng mưa sẽ là 100-150mm và có nơi trên 200mm.,/workspace/datdq/SignWeather/data/scene_keypoints/v119/scene_007.json
train_001319,"Trong chiều nay, nước lũ từ thượng nguồn sông Hương đã đổ về nhanh chóng, tràn qua đập đá ở trung tâm thành phố Huế.",/workspace/datdq/SignWeather/data/scene_keypoints/v216/scene_003.json
train_001322,Đối với thành phố Vinh thì dự báo là đêm nay nhiệt độ thấp nhất chỉ khoảng 11 độ,/workspace/datdq/SignWeather/data/scene_keypoints/v161/scene_006.json
train_001323,"Thế nhưng, mây nhiều lên là dấu hiệu cho thấy hình thế gây mưa đã xuất hiện.",/workspace/datdq/SignWeather/data/scene_keypoints/v264/scene_002.json
train_001324,"Buổi sáng và trưa sẽ tạm thời giảm mưa, có lúc có nắng nhẹ, với nhiệt độ cao nhất đạt 30 độ.",/workspace/datdq/SignWeather/data/scene_keypoints/v266/scene_015.json
train_001325,"Thủ đô Hà Nội đêm nay trời lạnh 20 độ, sáng sớm sẽ có sương mù, từ trưa trời nắng 28 độ.",/workspace/datdq/SignWeather/data/scene_keypoints/v063/scene_010.json
train_001326,"Với sức gió như hiện nay, nếu nhà cửa không được gia cố chắc chắn, khả năng sẽ bị hư hỏng một phần.",/workspace/datdq/SignWeather/data/scene_keypoints/v041/scene_009.json
train_001330,"Dự báo trong 1-2 ngày tới, sau khi quét qua Philippines, bão sẽ đi vào Biển Đông và trở thành cơn bão số 13.",/workspace/datdq/SignWeather/data/scene_keypoints/v188/scene_003.json
train_001331,Thời gian gió mạnh sẽ duy trì suốt từ giờ cho đến sáng mai,/workspace/datdq/SignWeather/data/scene_keypoints/v249/scene_011.json
train_001336,"Thành phố Đà Lạt đêm nay không có mưa, trời rét với nhiệt độ 16 độ, và ngày mai sẽ có nắng suốt cả ngày với nhiệt độ đạt 19 độ.",/workspace/datdq/SignWeather/data/scene_keypoints/v174/scene_010.json
train_001340,"Thưa quý vị khán giả, theo dự báo áp thấp nhiệt đới đang có xu hướng mạnh lên thành bão trong 24 giờ tới.",/workspace/datdq/SignWeather/data/scene_keypoints/v134/scene_002.json
train_001341,"Gió giật mạnh đã khiến hàng loạt cây xanh bật gốc trên đường, đổ vào nhà dân.",/workspace/datdq/SignWeather/data/scene_keypoints/v153/scene_006.json
train_001343,"Khu vực dễ có mưa vừa mưa to là màu xanh nước biển đậm, cụ thể là Đắk Nông, Cà Mau và Kiên Giang.",/workspace/datdq/SignWeather/data/scene_keypoints/v076/scene_007.json
train_001344,"Ở khu vực biển Đông sẽ chịu tác động mạnh mẽ, nước biển có thể dâng tới 107cm.",/workspace/datdq/SignWeather/data/scene_keypoints/v099/scene_003.json
train_001350,"Ngày mai trời có nắng và đỡ rét bút, nhiệt độ giữa trưa tăng lên, cao nhất là 18 độ",/workspace/datdq/SignWeather/data/scene_keypoints/v161/scene_007.json
train_001352,Thành phố Hồ Chí Minh đêm nay có mưa bất chợt với nhiệt độ 25 độ.,/workspace/datdq/SignWeather/data/scene_keypoints/v201/scene_008.json
train_001355,Lưu lượng nước trên sông Mê Công đang ở mức thấp hơn trung bình nhiều năm.,/workspace/datdq/SignWeather/data/scene_keypoints/v169/scene_003.json
train_001357,"Ngày mai trời âm ưu cả ngày, mưa có thể xảy ra bất cứ lúc nào.",/workspace/datdq/SignWeather/data/scene_keypoints/v014/scene_011.json
train_001358,"Cùng vào một ngày có thời tiết tốt, tốc độ gió ghi nhận được trong khoảng 10 phút ở giữa các tòa nhà cao tầng đều lớn hơn 3 mét trên dây tương đương với cấp 2 trong thang đo gió.",/workspace/datdq/SignWeather/data/scene_keypoints/v215/scene_007.json
train_001359,"Không chỉ có Bắc Miền Trung, mà vùng mưa lớn sau bão sẽ kéo dài đến sáng ngày mai.",/workspace/datdq/SignWeather/data/scene_keypoints/v074/scene_005.json
train_001360,"Tại Huế, sau gần một tuần bị chìm trong nước lũ, chưa kịp dọn dẹp nhà cửa, ổn định lại cuộc sống, thì người dân lại tiếp tục đón trận lũ mới.",/workspace/datdq/SignWeather/data/scene_keypoints/v164/scene_004.json
train_001361,Khu vực ảnh hưởng của áp thấp nhiệt đới nằm từ vĩ tuyến 11 đến vĩ tuyến 15 độ Bắc và từ kinh tuyến 112 đến kinh tuyến 120 độ Đông.,/workspace/datdq/SignWeather/data/scene_keypoints/v163/scene_005.json
train_001362,"Hiện tỉnh Con Tôm đang chỉ đạo các địa phương thống kê thiệt hại do bão số 9 gây ra và nhanh chóng triển khai biện pháp khắc phục, đặc biệt tại các vùng người dân bị chia cắt.",/workspace/datdq/SignWeather/data/scene_keypoints/v120/scene_009.json
train_001364,"Nhiều thủy điện đã tiến hành xả lũ, dẫn đến tình trạng ngập úng trên diện rộng tại nhiều khu vực.",/workspace/datdq/SignWeather/data/scene_keypoints/v144/scene_002.json
train_001366,"nhiệt độ cao 35 độ, các nơi khác cũng khá nóng 33-34 độ.",/workspace/datdq/SignWeather/data/scene_keypoints/v223/scene_005.json
train_001368,"Đến thời điểm này, đã có 2 tàu của Bình Định bị chìm vào ngày 27 tháng 10 trong quá trình ứng phó với bão.",/workspace/datdq/SignWeather/data/scene_keypoints/v120/scene_003.json
train_001369,Và đây cũng sẽ là đợt nắng nóng diện rộng đầu tiên trong mùa hè năm nay.,/workspace/datdq/SignWeather/data/scene_keypoints/v236/scene_007.json
train_001370,"Thành phố Hồ Chí Minh đêm nay có nhiệt độ 24 độ, trời mát, và ngày mai sẽ nắng với nhiệt độ đạt 32 độ, độ ẩm thấp nhất khoảng 45%.",/workspace/datdq/SignWeather/data/scene_keypoints/v116/scene_009.json
train_001374,Nhiều nơi tại Đà Nẵng đã ghi nhận lượng mưa đo được gần 900mm trong những ngày qua.,/workspace/datdq/SignWeather/data/scene_keypoints/v035/scene_010.json
train_001375,"Nằm xa hơn nên chưa chịu tác động của gió lạnh, ngày mai Tây Nguyên và Nam Bộ vẫn có nắng.",/workspace/datdq/SignWeather/data/scene_keypoints/v009/scene_012.json
train_001379,Chỉ vài ngày nữa thôi thì mùa xâm nhập mặn mới sẽ bắt đầu ở khu vực đồng bằng sông Kiều Long.,/workspace/datdq/SignWeather/data/scene_keypoints/v021/scene_001.json
train_001381,"Cường độ đang ở cấp 14, giật cấp 17, vẫn là cấp bão khá mạnh.",/workspace/datdq/SignWeather/data/scene_keypoints/v259/scene_005.json
train_001384,"Thế nhưng anh Dương cũng thấy là ở miền bắc của chúng ta thì thời tiết tốt hơn hẳn, trời tạnh ráo và còn có cả nắng nữa.",/workspace/datdq/SignWeather/data/scene_keypoints/v196/scene_003.json
train_001387,"Ngày mai trời nắng, nhiệt độ cao nhất 32 độ",/workspace/datdq/SignWeather/data/scene_keypoints/v180/scene_013.json
train_001389,"Mưa rào từng lúc đan xen với nắng, cảm giác đỡ nóng hơn hôm nay.",/workspace/datdq/SignWeather/data/scene_keypoints/v238/scene_011.json
train_001393,Khi hơi nước lên cao tới ngưỡng đóng băng thì sẽ ngưng kết thành các hạt băng nhỏ.,/workspace/datdq/SignWeather/data/scene_keypoints/v214/scene_006.json
train_001394,"Thành phố Hà Nội đêm nay có mưa to, nhiệt độ 21 độ, và ngày mai dự báo vẫn có mưa lạnh kéo dài cả ngày với nhiệt độ không vượt quá 24 độ.",/workspace/datdq/SignWeather/data/scene_keypoints/v086/scene_009.json
train_001397,"sẽ có một đợt không khí lạnh mạnh tăng cường xuống nước ta,",/workspace/datdq/SignWeather/data/scene_keypoints/v137/scene_002.json
train_001398,Đoàn lưu bão sẽ gây ra mưa lớn trở lại từ ngày mai và kéo dài đến ngày 16 tháng 11.,/workspace/datdq/SignWeather/data/scene_keypoints/v218/scene_008.json
train_001401,Về chiều tối có lúc có mưa rào với lượng nhỏ.,/workspace/datdq/SignWeather/data/scene_keypoints/v126/scene_016.json
train_001406,"Dự báo mưa, lũ và bão sẽ còn diễn biến phức tạp trong thời gian tới.",/workspace/datdq/SignWeather/data/scene_keypoints/v229/scene_003.json
train_001410,"Người dân cần hết sức cẩn trọng khi tham gia giao thông, đặc biệt là vào thời điểm chiều tối, để đề phòng cây lớn ngã đổ và tránh những nguy hiểm do rông lốc.",/workspace/datdq/SignWeather/data/scene_keypoints/v153/scene_007.json
train_001413,"Chiều nay, vùng áp thấp trên biển Đông đã mạnh lên thành áp thấp nhiệt đới",/workspace/datdq/SignWeather/data/scene_keypoints/v080/scene_001.json
train_001418,"Phải từ chiều tối đến đêm mai thì mới xuất hiện nhiều điểm mưa to và tập trung ở khu vực Yên Bái, Sơn La và Hòa Bình.",/workspace/datdq/SignWeather/data/scene_keypoints/v078/scene_008.json
train_001420,"Tây Ninh, Cần Thơ và Cà Mau thì mức nhiệt sẽ không vượt quá 34 độ.",/workspace/datdq/SignWeather/data/scene_keypoints/v011/scene_008.json
train_001421,"Thành phố Hải Phòng đêm nay không mưa, nhiệt độ giảm xuống 13 độ, và ngày mai nhiệt độ sẽ tăng lên 24 độ, trời nắng khô cả ngày.",/workspace/datdq/SignWeather/data/scene_keypoints/v116/scene_007.json
train_001424,Cơn bão đã gây ra những trận lũ nghiêm trọng nhất trong nhiều năm qua tại thủ đô Manila và các tỉnh lân cận.,/workspace/datdq/SignWeather/data/scene_keypoints/v101/scene_002.json
train_001425,Với thành phố Nha Trang thì đây là một trong những nơi chịu ảnh hưởng trực tiếp của áp thấp nhiệt đới đêm nay.,/workspace/datdq/SignWeather/data/scene_keypoints/v063/scene_008.json
train_001426,"Thưa chị Hải Yến, hiện tại mọi người vẫn đang quan tâm đến tình hình mưa lũ tại miền Trung.",/workspace/datdq/SignWeather/data/scene_keypoints/v179/scene_002.json
train_001428,"Sông Bồ, sông Hương ở Thừa Thiên Huế và sông Vu Da ở Quảng Nam hiện đang vượt mức báo động 3 từ 20cm đến 30cm.",/workspace/datdq/SignWeather/data/scene_keypoints/v000/scene_005.json
train_001431,"Toàn bộ tàu thuyền hoạt động trong vùng nguy hiểm đều có nguy cơ cao chịu tác động của gió mạnh, sóng lớn và lốc xoáy.",/workspace/datdq/SignWeather/data/scene_keypoints/v148/scene_004.json
train_001432,"Từ đêm qua đến sáng nay, mưa liên tục kéo dài hơn 20 tiếng đồng hồ kết hợp cùng không khí lạnh",/workspace/datdq/SignWeather/data/scene_keypoints/v166/scene_004.json
train_001433,"Các sông từ Quảng Bình đến Quảng Nam từ tối nay có thể sẽ xuất hiện một đợt lũ,",/workspace/datdq/SignWeather/data/scene_keypoints/v238/scene_007.json
train_001440,"Trong đó, thành phố Hồ Chí Minh mưa rông rất mạnh còn kèm theo cả gió giật tới cấp 8.",/workspace/datdq/SignWeather/data/scene_keypoints/v125/scene_002.json
train_001442,"Dự báo trong vòng 24 giờ tới, áp thấp nhiệt đới sẽ di chuyển theo hướng Tây Tây Bắc với tốc độ 10 km/h và có khả năng mạnh thêm.",/workspace/datdq/SignWeather/data/scene_keypoints/v035/scene_003.json
train_001443,Chúng ta có thể theo dõi trên ảnh radar thấy rằng mưa to đã xảy ra từ Quảng Ngãi đến Phú Yên.,/workspace/datdq/SignWeather/data/scene_keypoints/v041/scene_003.json
train_001445,"Ngày mai trời nắng đến cuối chiều, nhiệt độ cao nhất 33 độ.",/workspace/datdq/SignWeather/data/scene_keypoints/v143/scene_008.json
train_001447,"Đà Lạt đêm nay trời rét, nhiệt độ khá thấp, chỉ khoảng 13 độ.",/workspace/datdq/SignWeather/data/scene_keypoints/v192/scene_006.json
train_001448,"Các ao, hồ chứa thủy lợi, hồ thủy điện cũng tích thêm được một lượng nước lớn, nguy cơ cháy rừng giảm hẳn.",/workspace/datdq/SignWeather/data/scene_keypoints/v140/scene_006.json
train_001450,"Đối với Bắc Bộ, ngày mai cũng sẽ có mưa.",/workspace/datdq/SignWeather/data/scene_keypoints/v238/scene_010.json
train_001455,Mưa lũ ở miền Trung vẫn còn diễn biến phức tạp.,/workspace/datdq/SignWeather/data/scene_keypoints/v269/scene_003.json
train_001457,Bão và lũ liên tiếp đã gây ra nhiều mất mát và đau thương cho người dân miền Trung từ tháng 10 đến nay.,/workspace/datdq/SignWeather/data/scene_keypoints/v002/scene_001.json
train_001458,Phải từ tháng 10 này trở đi thì mới có các đợt không khí lạnh đủ mạnh,/workspace/datdq/SignWeather/data/scene_keypoints/v043/scene_002.json
train_001460,Toàn tuyến đèo Khánh Lê có 8 điểm sạt lở với khoảng 25.000m khối,/workspace/datdq/SignWeather/data/scene_keypoints/v183/scene_002.json
train_001462,"Đối với thủ đô Hà Nội, đêm nay trời không mưa, nhiệt độ 23 độ.",/workspace/datdq/SignWeather/data/scene_keypoints/v041/scene_012.json
train_001464,"Đến 16 giờ hôm nay, cường độ bão vẫn rất mạnh ở cấp 12, giật cấp 15.",/workspace/datdq/SignWeather/data/scene_keypoints/v059/scene_004.json
train_001465,Cần Thơ đêm nay không khí khô ráo và dịu mát 26 độ.,/workspace/datdq/SignWeather/data/scene_keypoints/v029/scene_010.json
train_001467,Nhưng việc tìm kiếm phải tạm dừng do mưa lũ phức tạp. Lực lượng này sẽ nối lại hoạt động ngay sau khi thời tiết được thuận lợi.,/workspace/datdq/SignWeather/data/scene_keypoints/v171/scene_006.json
train_001468,"Hiện nay, tình hình bão lụt tại các tỉnh Quảng Bình, Quảng Trị và Thừa Thiên Huế đang diễn biến phức tạp.",/workspace/datdq/SignWeather/data/scene_keypoints/v221/scene_002.json
train_001473,"Tỉnh Sơn Tây, Trung Quốc cũng đang trải qua đợt mưa lũ nghiêm trọng nhất trong lịch sử.",/workspace/datdq/SignWeather/data/scene_keypoints/v148/scene_009.json
train_001476,"Vâng anh Dương, phải đến thứ Hai tuần tới, không khí lạnh mới bắt đầu ảnh hưởng đến nước ta.",/workspace/datdq/SignWeather/data/scene_keypoints/v182/scene_002.json
train_001481,"Còn về đêm và sáng sớm thì trời vẫn xét, nhiệt độ hạ xuống thấp nhất là khoảng 15-16 độ.",/workspace/datdq/SignWeather/data/scene_keypoints/v018/scene_008.json
train_001482,"Bởi vì quan sát trên ảnh mây vệ tinh thì ổ dông chiều nay ở Hòa Bình, Phú Thọ, phía Tây Hà Nội đã nhanh chóng tan đi.",/workspace/datdq/SignWeather/data/scene_keypoints/v154/scene_002.json
train_001483,"Ngày mai từ trưa đến tối sẽ có mưa khắp thành phố, có nơi có mưa to, nhiệt độ cao nhất 31 độ.",/workspace/datdq/SignWeather/data/scene_keypoints/v235/scene_013.json
train_001486,nhiệt độ sẽ giảm sâu và khả năng là sẽ xuất hiện băng giá.,/workspace/datdq/SignWeather/data/scene_keypoints/v075/scene_006.json
train_001488,Thời điểm xuất hiện chỉ số tia UV cực đại trên cả ba miền là từ 10 cho đến 14 giờ,/workspace/datdq/SignWeather/data/scene_keypoints/v090/scene_004.json
train_001489,Các tuyến đường trũng thấp sẽ khó tránh khỏi cảnh ngập úng.,/workspace/datdq/SignWeather/data/scene_keypoints/v170/scene_002.json
train_001490,"Đà Nẵng dự báo đêm nay không mưa, mức nhiệt 25 độ",/workspace/datdq/SignWeather/data/scene_keypoints/v180/scene_012.json
train_001493,"Còn ở Gia Lai, lũ lên nhanh bất ngờ vào đêm qua khiến cho nhiều người dân phía đông nam của tỉnh không kịp chạy lũ.",/workspace/datdq/SignWeather/data/scene_keypoints/v062/scene_003.json
train_001494,"Tại huyện Cẩm Xuyên, riêng số người phải di dời đã lên tới 25.000 người, đây cũng là huyện duy nhất có toàn bộ các xã bị ngập, với mức ngập tại một số nơi lên đến 2,5 mét.",/workspace/datdq/SignWeather/data/scene_keypoints/v071/scene_004.json
train_001495,Sang ngày mai thì nhiệt độ cao nhất sẽ không quá 21 độ.,/workspace/datdq/SignWeather/data/scene_keypoints/v159/scene_006.json
train_001496,"Mưa chủ yếu là về đêm và sáng, còn đến trưa và chiều mai thì hai khu vực này sẽ lại mỏng mây và có nắng",/workspace/datdq/SignWeather/data/scene_keypoints/v157/scene_006.json
train_001497,25-30 km một giờ theo hướng Tây và có khả năng mạnh lên thành bão.,/workspace/datdq/SignWeather/data/scene_keypoints/v107/scene_002.json
train_001499,"Đến thứ 3, nhiệt độ sẽ tiếp tục giảm thêm 2 độ nữa, xuống còn 24 độ.",/workspace/datdq/SignWeather/data/scene_keypoints/v082/scene_006.json
train_001501,Mưa lớn những ngày qua khiến trường bị ngập hơn 1 mét.,/workspace/datdq/SignWeather/data/scene_keypoints/v243/scene_006.json
train_001505,"Tình trạng ngập có thể sẽ kéo dài ít nhất 4 ngày nữa tại tỉnh Quảng Bình, đặc biệt là khu vực cạnh Tắc huyện, Lệ Thủy và Quảng Ninh.",/workspace/datdq/SignWeather/data/scene_keypoints/v015/scene_006.json
train_001507,"Tại phường Quảng Thuận, thị xã Bà Đồn, tỉnh Quảng Bình, dự báo trong những ngày tới, khu vực này có nguy cơ xảy ra lũ chồng lũ.",/workspace/datdq/SignWeather/data/scene_keypoints/v098/scene_002.json
train_001508,"sẽ cảm nhận được gió mạnh cấp 6-7, giật cấp 9.",/workspace/datdq/SignWeather/data/scene_keypoints/v259/scene_008.json
train_001509,"Đến 16 giờ ngày mai, tâm bão sẽ ở ngay phía đông đảo Hải Nam, Trung Quốc.",/workspace/datdq/SignWeather/data/scene_keypoints/v152/scene_001.json
train_001510,"Ngày mai nắng từ sáng đến chiều nhưng vẫn dễ chịu, nhiệt độ không quá 25 độ.",/workspace/datdq/SignWeather/data/scene_keypoints/v110/scene_011.json
train_001511,"Các thành phố khu vực phía nam miền Trung như Quy Nhơn, Nha Trang và Phan Thiết dự báo ngày mai sẽ có nắng cả ngày, với nhiệt độ cao nhất không vượt quá 31 độ.",/workspace/datdq/SignWeather/data/scene_keypoints/v015/scene_010.json
train_001512,"Lũ trên các sông có thể dâng cao, đặc biệt tại những sông suối nhỏ, nơi nước rồn về nhanh, dễ gây ra ngập ngầm tràm; vì vậy, để đảm bảo an toàn tính mạng, bà con tuyệt đối không đi qua những ngầm tràm bị ngập và không đánh bắt cá hay vớt củi trên sông khi lũ về.",/workspace/datdq/SignWeather/data/scene_keypoints/v086/scene_004.json
train_001514,Chúng ta cũng cần phải đề phòng các hiện tượng thời tiết nguy hiểm như tố lốc và gió giật có thể xảy ra trong cơn dông.,/workspace/datdq/SignWeather/data/scene_keypoints/v082/scene_008.json
train_001516,Thời điểm nước ngập thường bắt đầu từ khoảng 16 giờ 30 đến gần 20 giờ.,/workspace/datdq/SignWeather/data/scene_keypoints/v036/scene_002.json
train_001517,"Với lượng mưa như vậy, tại các khu vực trũng thấp và những khu đô thị có khả năng xảy ra tình trạng ngập úng, trong khi tại vùng núi cần cảnh giác với nguy cơ sạt lở đất và lũ quét.",/workspace/datdq/SignWeather/data/scene_keypoints/v086/scene_003.json
train_001519,"Thưa chị Hương Liên, đã có thông tin là Bắc Bộ và Bắc Trung Bộ sẽ đón đợt mưa rào mới.",/workspace/datdq/SignWeather/data/scene_keypoints/v110/scene_002.json
train_001520,"Theo dự kiến, hôm nay, mực nước triều sẽ đạt đỉnh kỷ lục ở mức báo động 3.",/workspace/datdq/SignWeather/data/scene_keypoints/v118/scene_001.json
train_001528,"Thành phố Đà Lạt đêm nay không có mưa, nhiệt độ thấp nhất là 15 độ.",/workspace/datdq/SignWeather/data/scene_keypoints/v272/scene_013.json
train_001529,"Sang tới ngày thứ tư, vùng màu vàng sẽ thu hẹp hơn một chút, còn khoảng 2 phần 3 diện tích của miền Bắc.",/workspace/datdq/SignWeather/data/scene_keypoints/v003/scene_003.json
train_001530,"Thành phố Đà Nẵng đêm nay cũng có thể xuất hiện mưa rào nhẹ, trời mát 26 độ.",/workspace/datdq/SignWeather/data/scene_keypoints/v139/scene_009.json
train_001531,"Vâng, khả năng là cho đến hết tuần này thì thời tiết ở khu vực thủ đô Hà Nội cũng như là hầu khắp miền Bắc vẫn sẽ tiếp tục là oi nóng và khó chịu anh Dương ạ.",/workspace/datdq/SignWeather/data/scene_keypoints/v237/scene_001.json
train_001532,"Đặc biệt, các hộ dân ở vùng có nguy cơ ngập sâu đã được di dời đến nơi an toàn.",/workspace/datdq/SignWeather/data/scene_keypoints/v035/scene_009.json
train_001534,"Nhiệt độ thấp xuống đến âm 5 độ tại mẫu Sơn, Đặng Sơn.",/workspace/datdq/SignWeather/data/scene_keypoints/v252/scene_007.json
train_001535,"Lũ vừa rút, bão lạnh tới, người dân quảng trị thêm phần khốn khó.",/workspace/datdq/SignWeather/data/scene_keypoints/v055/scene_003.json
train_001536,Thành phố Hải Phòng ngày mai không quá 28 độ.,/workspace/datdq/SignWeather/data/scene_keypoints/v139/scene_008.json
train_001537,thì lượng mưa là từ 30-60mm và có nơi là trên 70mm.,/workspace/datdq/SignWeather/data/scene_keypoints/v151/scene_009.json
train_001541,Lũ trên các sông từ Quảng Ngãi đến Khánh Hòa tiếp tục lên.,/workspace/datdq/SignWeather/data/scene_keypoints/v188/scene_019.json
train_001543,Đối với khu vực Tây Nguyên thì mưa từ 200-450mm trên cả đợt.,/workspace/datdq/SignWeather/data/scene_keypoints/v038/scene_009.json
train_001544,"Ngày mai lúc nắng lúc mưa, nhiệt độ cao nhất 31 độ",/workspace/datdq/SignWeather/data/scene_keypoints/v019/scene_008.json
train_001546,"Với mức chiều cường trên 1m6, những tuyến đường này có thể bị ngập tới bánh xe máy.",/workspace/datdq/SignWeather/data/scene_keypoints/v170/scene_003.json
train_001550,"Tuy nhiên, các tỉnh Giang Tô, Thượng Hải, Chiết Giang dự báo sẽ hứng chịu lượng mưa lớn,",/workspace/datdq/SignWeather/data/scene_keypoints/v094/scene_002.json
train_001552,"Thậm chí ở những vùng núi cao, nhiệt độ có thể từ 7-10 độ.",/workspace/datdq/SignWeather/data/scene_keypoints/v193/scene_006.json
train_001553,"Còn chiều tối và tối thì mưa rông lại xuất hiện, sẽ kèm theo gió giật và sấm xét",/workspace/datdq/SignWeather/data/scene_keypoints/v156/scene_014.json
train_001554,Huyện Tây Giang đã khẩn cấp sơ tán hơn 200 em học sinh của Trường Phổ thông Võ Trí Công tại xã biên giới A San về trung tâm huyện để tránh nguy cơ sạt lở đất cao tại khu vực này.,/workspace/datdq/SignWeather/data/scene_keypoints/v164/scene_003.json
train_001555,Một mối nguy hiểm khác là mưa lớn sẽ gây ra một đợt lũ ở miền Trung và Bắc Tây Nguyên trong 3 ngày tới.,/workspace/datdq/SignWeather/data/scene_keypoints/v061/scene_003.json
train_001559,"Trong đó trên sông Ba, tại khu vực thượng nguồn là Ayunpa – Gia Lai, tối nay vẫn trên báo động 3 20cm, đến sáng mai sẽ rút xuống còn dưới báo động 3 khoảng 10cm.",/workspace/datdq/SignWeather/data/scene_keypoints/v066/scene_002.json
train_001562,"Sau đó, chúng ta sẽ có một ngày thứ bảy lạnh cả ngày, dự báo nhiệt độ buổi sáng là 21 độ, buổi trưa chiều chỉ 23 độ.",/workspace/datdq/SignWeather/data/scene_keypoints/v089/scene_005.json
train_001566,"Trưa chiều mai có khoảng giảm mưa, nhiệt độ nhích lên 25 độ.",/workspace/datdq/SignWeather/data/scene_keypoints/v110/scene_008.json
train_001567,trời sẽ nắng liên tục cả chục tiếng trong ngày.,/workspace/datdq/SignWeather/data/scene_keypoints/v246/scene_007.json
train_001568,"Mỗi ngày, nhiệt độ miền Bắc sẽ giảm khoảng 2-3 độ, còn lại từ 22-24 độ.",/workspace/datdq/SignWeather/data/scene_keypoints/v050/scene_004.json
train_001569,Người dân trên địa bàn tỉnh Thừa Thiên Huế đang phải đối diện với đợt lũ lớn.,/workspace/datdq/SignWeather/data/scene_keypoints/v129/scene_001.json
train_001571,Nhiều địa phương ở các tỉnh Nam Trung Bồ xuất hiện những hố nước tử thần trong mùa mưa.,/workspace/datdq/SignWeather/data/scene_keypoints/v101/scene_007.json
train_001573,"Thưa quý vị, 16 giờ hôm nay, tâm của cơn bão số 8 còn đang cách quần đảo Hoàng Sa là khoảng 530 km về phía đông Đông Bắc",/workspace/datdq/SignWeather/data/scene_keypoints/v148/scene_001.json
train_001574,"Dù vậy, hoàn lưu của bão vẫn sẽ gây ra gió mạnh và mưa lớn cho đất liền miền Trung.",/workspace/datdq/SignWeather/data/scene_keypoints/v168/scene_006.json
train_001580,"Tình hình sẽ còn đáng ngại khi dự báo đêm nay Nam Trung Bộ vẫn còn có mưa lớn,",/workspace/datdq/SignWeather/data/scene_keypoints/v062/scene_005.json
train_001581,Tây Nguyên và Nam Bộ sẽ đón Tết cổ truyền trong tiết trời nắng nhiều.,/workspace/datdq/SignWeather/data/scene_keypoints/v018/scene_011.json
train_001582,"Vâng ạ Dương, dự báo là thời tiết nắng ấm như thế này sẽ kéo dài trong 3 ngày tới.",/workspace/datdq/SignWeather/data/scene_keypoints/v133/scene_002.json
train_001583,Ngày mai nhiệt độ tăng nhẹ lên mức là 20 độ.,/workspace/datdq/SignWeather/data/scene_keypoints/v115/scene_008.json
train_001584,Mưa lớn trong nhiều ngày cũng đã gây ngập trên diện rộng tại tỉnh Khánh Hòa.,/workspace/datdq/SignWeather/data/scene_keypoints/v183/scene_001.json
train_001585,"Từ tối qua đến sáng nay, trên địa bàn tỉnh Bình Định cũng có mưa to đến rất to gây ngập úng quốc bộ tại nhiều khu vực.",/workspace/datdq/SignWeather/data/scene_keypoints/v080/scene_013.json
train_001587,"Chiều tối mai có thể xuất hiện mưa sông mạnh, tiềm ẩn nguy cơ về gió giật, xấm xét",/workspace/datdq/SignWeather/data/scene_keypoints/v217/scene_010.json
train_001588,Lượng mưa phổ biến trong khu vực này sẽ dao động từ 50-100mm.,/workspace/datdq/SignWeather/data/scene_keypoints/v074/scene_007.json
train_001589,"Quế dự báo đêm nay mưa rét, nhiệt độ thấp nhất 20 độ.",/workspace/datdq/SignWeather/data/scene_keypoints/v261/scene_011.json
train_001590,"Trong 24 giờ tới, dự báo là bão sẽ di chuyển từ 15 đến 20 km một giờ theo hướng Tây,",/workspace/datdq/SignWeather/data/scene_keypoints/v001/scene_002.json
train_001592,Nhiều nơi khác ở khu vực Đồng bằng Bắc Bộ chiều nay nhiệt độ cũng đã tăng thêm từ 3 đến 4 độ nữa.,/workspace/datdq/SignWeather/data/scene_keypoints/v192/scene_002.json
train_001595,"Nghiêm trọng hơn, nước lũ vẫn bao vây nhiều xóm làng và chia cắt nhiều tuyến đường.",/workspace/datdq/SignWeather/data/scene_keypoints/v129/scene_009.json
train_001601,Thành phố Hồ Chí Minh cũng có mưa trong đêm nay.,/workspace/datdq/SignWeather/data/scene_keypoints/v266/scene_013.json
train_001605,ngày mai trời sẽ nhiều mây,/workspace/datdq/SignWeather/data/scene_keypoints/v039/scene_006.json
train_001606,"Với lượng mưa dự báo như thế thì từ nay cho đến thứ 5, nhiều sông ở khu vực trung bộ sẽ lên ở mức báo động 1 đến báo động 2.",/workspace/datdq/SignWeather/data/scene_keypoints/v063/scene_005.json
train_001607,"Thưa quý vị, nắng nóng tại Tây Bắc Bộ và Bắc cũng như Trung Trung Bộ đã bước sang ngày thứ tư",/workspace/datdq/SignWeather/data/scene_keypoints/v234/scene_002.json
train_001609,"tương ứng với mức nhiệt nắng nóng 35-36 độ xuất hiện ở Mường Lây, Mường La và Mai Châu.",/workspace/datdq/SignWeather/data/scene_keypoints/v236/scene_004.json
train_001610,Vâng tất nhiên rồi. Theo dự báo thì một tuần tới miền Bắc sẽ ở mức dễ chịu và chưa có nắng nóng.,/workspace/datdq/SignWeather/data/scene_keypoints/v226/scene_004.json
train_001612,"Cơ quan Ký tượng Nhật Bản dự báo, mưa lớn vẫn sẽ còn tiếp tục diễn ra ở hầu hết các khu vực riêng hải, đồng thời cảnh báo người dân cảnh giác trước nguy cơ lũ lụt, lở đất.",/workspace/datdq/SignWeather/data/scene_keypoints/v271/scene_001.json
train_001613,"Lũ quét cũng được ghi nhận ở một làng thuộc tỉnh Palawan, khiến 4 người thiệt mạng và 4 người mất tích.",/workspace/datdq/SignWeather/data/scene_keypoints/v148/scene_007.json
train_001614,"Trong 12 đến 24 giờ tới, bão sẽ đi vào đất liền từ Hà Tĩnh đến Quảng Nam và suy yếu dần thành áp thấp nhiệt đới.",/workspace/datdq/SignWeather/data/scene_keypoints/v059/scene_006.json
train_001615,"Trưa chiều mai nắng ấm, nhiệt độ cao nhất 26 độ.",/workspace/datdq/SignWeather/data/scene_keypoints/v018/scene_015.json
train_001617,"Tại trường tiểu học Yên Bài, lúc 10 giờ, nhiệt độ là 11 độ C.",/workspace/datdq/SignWeather/data/scene_keypoints/v166/scene_010.json
train_001618,"Thủ đô Hà Nội đêm nay có lúc có mưa nhỏ, khiến cảm giác lạnh gia tăng, với nhiệt độ khoảng 20 độ.",/workspace/datdq/SignWeather/data/scene_keypoints/v000/scene_010.json
train_001619,Khu vực bờ biển của Australia đang trải qua những ngày hè có thời tiết bất thường.,/workspace/datdq/SignWeather/data/scene_keypoints/v212/scene_001.json
train_001620,"Thưa quý vị khán giả, vào chiều nay tại đỉnh Phan Xipang của tỉnh Lào Cai đã có mưa tuyết.",/workspace/datdq/SignWeather/data/scene_keypoints/v151/scene_001.json
train_001621,"Sáng ngày mai trời có nắng, nhiệt độ sẽ tăng tới hơn chục độ so với buổi đêm lên mức 25 độ.",/workspace/datdq/SignWeather/data/scene_keypoints/v268/scene_008.json
train_001626,"Chiều mai do mây vẫn nhiều kèm theo gió đông bắc thổi mạnh nên trời vẫn rất rét, 17 độ.",/workspace/datdq/SignWeather/data/scene_keypoints/v140/scene_010.json
train_001630,Sau Philippines thì Việt Nam là nơi tiếp theo mà bão sẽ ảnh hưởng.,/workspace/datdq/SignWeather/data/scene_keypoints/v259/scene_002.json
train_001632,Và băng giá đã xuất hiện trong sáng ngày 17 tháng 10,/workspace/datdq/SignWeather/data/scene_keypoints/v220/scene_006.json
train_001633,"Nếu lựa chọn vùng núi cao Tây Bắc, quý vị vẫn có thể đi chơi nếu mang theo cả ô, áo mưa và giày có đế chống trơn trượt với độ ma sát tốt.",/workspace/datdq/SignWeather/data/scene_keypoints/v196/scene_014.json
train_001635,Còn cuối cùng thì xin được chuyển sang phần thông tin dự báo thời tiết cho một số thành phố trong 2 ngày cuối tuần.,/workspace/datdq/SignWeather/data/scene_keypoints/v260/scene_005.json
train_001636,Còn bây giờ sẽ là phần dự báo thời tiết cho một số thành phố.,/workspace/datdq/SignWeather/data/scene_keypoints/v011/scene_009.json
train_001637,"Ngay bây giờ, chúng tôi sẽ kết nối với phóng viên Tùng Thư, người đang đi cùng đoàn công tác của Ban Chỉ đạo tiền phương ứng phó với bão số 9.",/workspace/datdq/SignWeather/data/scene_keypoints/v120/scene_001.json
train_001640,"Bây giờ, chúng ta sẽ chuyển sang phần dự báo chi tiết thời tiết cho các thành phố trong đêm nay và ngày mai.",/workspace/datdq/SignWeather/data/scene_keypoints/v050/scene_006.json
train_001642,Đối với khu vực Nam Bộ thì có 2 mùa là mùa mưa và mùa khô. Tết lại chung với thời điểm giữa mùa khô nên người dân ở khu vực này đón Tết với thời tiết khá ổn định trong suốt mấy chục năm qua.,/workspace/datdq/SignWeather/data/scene_keypoints/v016/scene_006.json
train_001643,Còn tiếp theo sẽ là những thông tin dự báo thời tiết liên quan đến cơn bão số 6,/workspace/datdq/SignWeather/data/scene_keypoints/v019/scene_001.json
train_001644,Ngay sau đây sẽ là những thông tin cập nhật đến từ biên tập viên thời tiết Xuân Anh.,/workspace/datdq/SignWeather/data/scene_keypoints/v205/scene_002.json
train_001645,Chúng tôi sẽ chuyển sang phần dự báo chi tiết cho các thành phố trong đêm nay và ngày mai.,/workspace/datdq/SignWeather/data/scene_keypoints/v028/scene_008.json
train_001646,"Còn sau đây, biên tập viên thời tiết Hương Liên sẽ chuyển tới quý vị tình hình mưa rông chiều nay tại miền Bắc cũng như trên cả nước.",/workspace/datdq/SignWeather/data/scene_keypoints/v078/scene_001.json
train_001647,Còn tiếp theo sẽ là thông tin dự báo thời tiết đến từ biên tập viên thời tiết Hương Liên,/workspace/datdq/SignWeather/data/scene_keypoints/v037/scene_001.json
train_001648,Cuối cùng sẽ là phần dự báo thời tiết cho các thành phố trong đêm nay và ngày mai.,/workspace/datdq/SignWeather/data/scene_keypoints/v264/scene_009.json
train_001651,Đối với thủ đô Hà Nội hay là hầu khắp miền Bắc thì sẽ còn duy trì trạng thái thời tiết khá là ổn định trong khoảng là 2 ngày đầu tuần,/workspace/datdq/SignWeather/data/scene_keypoints/v158/scene_007.json
train_001652,Còn bây giờ chúng tôi xin chuyển sang phần dự báo cho một số thành phố trong đêm nay và ngày mai.,/workspace/datdq/SignWeather/data/scene_keypoints/v162/scene_006.json
train_001653,Còn tiếp theo sẽ là phần dự báo thời tiết cho một số thành phố trong đêm nay và ngày mai.,/workspace/datdq/SignWeather/data/scene_keypoints/v064/scene_008.json
train_001656,"Trở lại với những thông tin dự báo thời tiết, hôm nay thời tiết ngày bầu cử tương đối lý tưởng",/workspace/datdq/SignWeather/data/scene_keypoints/v038/scene_001.json
train_001657,Còn bây giờ xin chuyển sang các thông tin dự báo chi tiết cho một số thành phố trong đêm nay và ngày mai.,/workspace/datdq/SignWeather/data/scene_keypoints/v204/scene_008.json
train_001658,Còn tiếp theo sẽ là phần dự báo thời tiết trong một số thành phố khác trong đêm nay và ngày mai.,/workspace/datdq/SignWeather/data/scene_keypoints/v125/scene_007.json
train_001663,Còn tiếp theo sẽ là những thông tin dự báo thời tiết đến từ biên tập viên thời tiết Hương Liên.,/workspace/datdq/SignWeather/data/scene_keypoints/v110/scene_001.json
train_001664,"Chào chị Hương Liên! Sau cả tuần mưa, lạnh thì ngày hôm nay thời tiết Hà Nội đã hửng nắng rồi.",/workspace/datdq/SignWeather/data/scene_keypoints/v133/scene_001.json
train_001665,Sau đây là những thông tin dự báo thời tiết đến từ biên tập viên thời tiết Xuân Anh,/workspace/datdq/SignWeather/data/scene_keypoints/v230/scene_001.json
train_001668,Còn tiếp theo sẽ là những thông tin dự báo thời tiết đến từ biên tập viên thời tiết Hương Liên.,/workspace/datdq/SignWeather/data/scene_keypoints/v089/scene_001.json
train_001671,thời tiết ở toàn miền Bắc nói chung cũng như là tại thủ đô Hà Nội nói riêng đã có thay đổi rất nhiều.,/workspace/datdq/SignWeather/data/scene_keypoints/v016/scene_003.json
train_001672,Còn bây giờ thì sẽ là phần dự báo thời tiết cho khu vực Nam Bộ.,/workspace/datdq/SignWeather/data/scene_keypoints/v189/scene_006.json
train_001673,"Vâng anh Dương, sau buổi trưa nắng thì chiều đến đêm mưa rông sẽ xuất hiện",/workspace/datdq/SignWeather/data/scene_keypoints/v146/scene_002.json
train_001675,"Thời tiết sẽ cải thiện, tạo điều kiện thuận lợi để công tác tìm kiếm cứu nạn sớm hoàn thành.",/workspace/datdq/SignWeather/data/scene_keypoints/v108/scene_002.json
train_001678,"Cuối cùng, chúng ta sẽ chuyển sang phần dự báo thời tiết cho các thành phố khác trong đêm nay và ngày mai.",/workspace/datdq/SignWeather/data/scene_keypoints/v041/scene_011.json
train_001679,Tiếp theo thì biên tập viên thời tiết Thanh Tùng sẽ cập nhật về diễn biến ấm lên ở miền Bắc. Xin mời anh.,/workspace/datdq/SignWeather/data/scene_keypoints/v159/scene_001.json
train_001680,Còn bây giờ sẽ là phần dự báo chi tiết cho một số thành phố vào 2 ngày đầu tuần tới.,/workspace/datdq/SignWeather/data/scene_keypoints/v187/scene_008.json
train_001681,"Bây giờ, xin mời quý vị cùng theo dõi những thông tin thời tiết với biên tập viên Hải Yến.",/workspace/datdq/SignWeather/data/scene_keypoints/v227/scene_001.json
train_001682,"Thưa quý vị, hiện nay khối không khí lạnh vẫn còn ở khá xa, cách biên giới phía Bắc của chúng ta khoảng 500 km.",/workspace/datdq/SignWeather/data/scene_keypoints/v082/scene_003.json
train_001684,Còn tiếp theo là phần dự báo thời tiết cho các thành phố trong đêm nay và ngày mai.,/workspace/datdq/SignWeather/data/scene_keypoints/v182/scene_006.json
train_001685,Tiếp theo sẽ là phần dự báo chi tiết trong một số thành phố trong đêm nay và ngày mai,/workspace/datdq/SignWeather/data/scene_keypoints/v217/scene_006.json
train_001686,Và cuối cùng thì sẽ là phần thông tin dự báo thời tiết cho một số thành phố trong đêm nay và ngày mai.,/workspace/datdq/SignWeather/data/scene_keypoints/v029/scene_008.json
train_001687,Thời điểm này hẳn quý vị cũng đang quan tâm đến tình hình thời tiết để chuẩn bị cho một kỳ lễ kéo dài 4 ngày,/workspace/datdq/SignWeather/data/scene_keypoints/v205/scene_001.json
train_001688,Ngay sau đây sẽ là phần dự báo thời tiết cho một số thành phố khác trong đêm nay và ngày mai.,/workspace/datdq/SignWeather/data/scene_keypoints/v208/scene_007.json
train_001689,Và cuối cùng sẽ là thông tin dự báo chi tiết của một số thành phố trong đêm nay và ngày mai,/workspace/datdq/SignWeather/data/scene_keypoints/v178/scene_007.json
train_001690,Và nếu quý vị nào mà có dự định là cho các bạn nhỏ đi chơi vào buổi tối ngày hôm nay thì cũng không cần phải lo ngại về thời tiết.,/workspace/datdq/SignWeather/data/scene_keypoints/v258/scene_002.json
train_001691,Cần phải hạn chế ra ngoài đường những lúc trời quá nóng.,/workspace/datdq/SignWeather/data/scene_keypoints/v011/scene_007.json
train_001694,Còn tiếp theo sẽ là những thông tin dự báo thời tiết đến từ biên tập viên thời tiết Xuân Anh.,/workspace/datdq/SignWeather/data/scene_keypoints/v189/scene_001.json
train_001698,"Thưa quý vị và các bạn, theo dõi ảnh radar ngay sau đây, quý vị có thể thấy độ phản hồi của mây rông rất mạnh.",/workspace/datdq/SignWeather/data/scene_keypoints/v014/scene_003.json
train_001699,"Chị Hải Yến, xin chị cập nhật thông tin mới nhất về cơn bão số 10 cho tôi và quý vị khán giả được không ạ?",/workspace/datdq/SignWeather/data/scene_keypoints/v168/scene_002.json
train_001700,Còn sau đây sẽ là những thông tin dự báo thời tiết đến từ biên tập viên thời tiết Thanh Tùng.,/workspace/datdq/SignWeather/data/scene_keypoints/v250/scene_001.json
train_001701,"Ngay sau đây, chúng ta sẽ gặp lại biên tập viên Thế Tích Quỳnh Hòa để cập nhật diễn biến mưa lũ tại khu vực miền Trung.",/workspace/datdq/SignWeather/data/scene_keypoints/v015/scene_001.json
train_001702,"Chào chị Hương Liên, ngày hôm nay Hà Nội nắng đã quay trở lại rồi, không biết mấy ngày tới thì nắng nóng có diễn biến phức tạp hơn hay không ạ?",/workspace/datdq/SignWeather/data/scene_keypoints/v236/scene_001.json
train_001704,Còn tiếp theo sẽ là những thông tin dự báo thời tiết đến từ biên tập viên thời tiết Hương Liên.,/workspace/datdq/SignWeather/data/scene_keypoints/v238/scene_001.json
train_001707,"Thưa quý vị, đến hôm nay, ai cũng cảm nhận được cái rét đặc trưng của miền Bắc.",/workspace/datdq/SignWeather/data/scene_keypoints/v174/scene_002.json
train_001708,Còn tiếp theo sẽ là những thông tin dự báo thời tiết đến từ biên tập viên thời tiết Hương Liên.,/workspace/datdq/SignWeather/data/scene_keypoints/v027/scene_001.json
train_001709,Và cuối cùng sẽ là phần dự báo thời tiết cho một số thành phố khác trong đêm nay và ngày mai.,/workspace/datdq/SignWeather/data/scene_keypoints/v102/scene_006.json
train_001712,"Còn bây giờ, chúng tôi sẽ chuyển sang thông tin dự báo chi tiết cho một số thành phố trong đêm nay và ngày mai.",/workspace/datdq/SignWeather/data/scene_keypoints/v086/scene_008.json
train_001713,Bây giờ chúng ta cùng tới với những thông tin thời tiết thưa quý vị.,/workspace/datdq/SignWeather/data/scene_keypoints/v016/scene_001.json
train_001714,Bây giờ chúng ta sẽ cùng lắng nghe thông tin về thời tiết từ biên tập viên Thanh Tùng.,/workspace/datdq/SignWeather/data/scene_keypoints/v090/scene_001.json
train_001715,Còn tiếp theo sẽ là những thông tin dự báo thời tiết đến từ biên tập viên thời tiết Hương Liên.,/workspace/datdq/SignWeather/data/scene_keypoints/v068/scene_001.json
train_001716,Chuyển sang những thông tin dự báo thời tiết đến từ biên tập viên thời tiết Hải Yến.,/workspace/datdq/SignWeather/data/scene_keypoints/v179/scene_001.json
train_001719,Tiếp theo sẽ là những thông tin dự báo thời tiết.,/workspace/datdq/SignWeather/data/scene_keypoints/v028/scene_001.json
train_001720,Còn tiếp theo sẽ là những thông tin dự báo thời tiết đến từ biên tập viên thời tiết Hải Yến.,/workspace/datdq/SignWeather/data/scene_keypoints/v131/scene_001.json
train_001721,Còn tiếp theo sẽ là thông tin dự báo thời tiết đến từ biên tập viên thời tiết Quỳnh Anh.,/workspace/datdq/SignWeather/data/scene_keypoints/v103/scene_001.json
train_001723,Nhìn chung thì Giáng sinh năm nay có thời tiết đẹp nhất so với 5 năm trở lại đây.,/workspace/datdq/SignWeather/data/scene_keypoints/v258/scene_003.json
train_001724,Còn bây giờ chúng ta cũng quay trở lại với những thông tin dự báo thời tiết trong ngày mai.,/workspace/datdq/SignWeather/data/scene_keypoints/v012/scene_001.json
train_001727,"Cuối cùng, chúng tôi xin gửi đến quý vị phần dự báo thời tiết cho các thành phố trong đêm nay và ngày mai.",/workspace/datdq/SignWeather/data/scene_keypoints/v163/scene_009.json
train_001728,Còn tiếp theo sẽ là những thông tin dự báo thời tiết liên quan đến đợt nắng nóng tại Bắc Bộ cùng với biên tập viên thời tiết Xuân Anh.,/workspace/datdq/SignWeather/data/scene_keypoints/v095/scene_001.json
train_001729,Tiếp theo sẽ là phần dự báo thời tiết cho một số thành phố trong đêm nay và ngày mai.,/workspace/datdq/SignWeather/data/scene_keypoints/v139/scene_007.json
train_001730,Tiếp theo sẽ là những thông tin dự báo thời tiết đến từ biên tập viên thời tiết Hương Liên.,/workspace/datdq/SignWeather/data/scene_keypoints/v017/scene_001.json
train_001733,"Vì vậy, quý vị nên điều chỉnh khung giờ ra ngoài để tránh bị giá lạnh.",/workspace/datdq/SignWeather/data/scene_keypoints/v050/scene_005.json
train_001734,"Thưa quý vị, ngay bây giờ sẽ là thông tin mới nhất về cơn bão số 10.",/workspace/datdq/SignWeather/data/scene_keypoints/v239/scene_001.json
train_001735,Thủ đô Hà Nội dự báo 2 ngày đầu tuần tới,/workspace/datdq/SignWeather/data/scene_keypoints/v090/scene_006.json
train_001738,Chúng ta sẽ cùng nhau đến với phần dự báo thời tiết cho cả nước.,/workspace/datdq/SignWeather/data/scene_keypoints/v258/scene_005.json
train_001739,Còn bây giờ sẽ là dự báo trong một số thành phố trong đêm nay và ngày mai.,/workspace/datdq/SignWeather/data/scene_keypoints/v087/scene_008.json
train_001740,Bây giờ xin được chuyển sang phần dự báo chi tiết thời tiết cho các thành phố trong đêm nay và ngày mai.,/workspace/datdq/SignWeather/data/scene_keypoints/v116/scene_006.json
train_001741,Xin được cập nhật những thông tin dự báo thời tiết chi tiết cho một số thành phố trong đêm nay và ngày mai.,/workspace/datdq/SignWeather/data/scene_keypoints/v082/scene_010.json
train_001742,Còn ngay sau đây chúng tôi xin được cập nhật những thông tin dự báo thời tiết,/workspace/datdq/SignWeather/data/scene_keypoints/v112/scene_005.json
train_001743,"Cuối cùng, chúng ta sẽ chuyển sang phần dự báo chi tiết cho các thành phố trong đêm nay và ngày mai.",/workspace/datdq/SignWeather/data/scene_keypoints/v266/scene_008.json
train_001745,Bây giờ xin được chuyển sang phần dự báo chi tiết cho các thành phố trong đêm nay và ngày mai.,/workspace/datdq/SignWeather/data/scene_keypoints/v060/scene_008.json
train_001746,Tiếp theo là thông tin dự báo chi tiết cho một số thành phố trên cả nước.,/workspace/datdq/SignWeather/data/scene_keypoints/v067/scene_009.json
train_001747,Còn bây giờ sẽ là phần dự báo thời tiết 2 ngày tới trong một số thành phố.,/workspace/datdq/SignWeather/data/scene_keypoints/v017/scene_005.json
train_001748,"Vậy để biết thời tiết cả nước chiều tối nay và những ngày tới ra sao, chúng ta sẽ cùng chờ đợi những thông tin cập nhật đến từ biên tập viên thời tiết Thanh Tùng.",/workspace/datdq/SignWeather/data/scene_keypoints/v196/scene_001.json
train_001750,Còn bây giờ sẽ là những thông tin dự báo thời tiết.,/workspace/datdq/SignWeather/data/scene_keypoints/v020/scene_001.json
train_001751,Mời anh Dương và quý vị khán giả cùng nghe phân tích từ chuyên gia khí tượng ngay sau đây,/workspace/datdq/SignWeather/data/scene_keypoints/v220/scene_003.json
train_001752,Và cuối cùng thì sẽ là phần thông tin dự báo thời tiết cho một số thành phố.,/workspace/datdq/SignWeather/data/scene_keypoints/v038/scene_014.json
train_001753,Còn tiếp theo sẽ là phần dự báo thời tiết cho một số thành phố trong đêm nay và ngày mai.,/workspace/datdq/SignWeather/data/scene_keypoints/v089/scene_006.json
train_001755,Còn tiếp theo sẽ là những thông tin dự báo thời tiết đến từ biên tập viên thời tiết Hương Liên.,/workspace/datdq/SignWeather/data/scene_keypoints/v111/scene_001.json
train_001756,Còn bây giờ chúng tôi xin chuyển sang phần dự báo chi tiết cho các thành phố trong 2 ngày đầu tuần,/workspace/datdq/SignWeather/data/scene_keypoints/v090/scene_005.json
train_001757,Bây giờ xin được chuyển sang những thông tin thời tiết cùng với biên tập viên Hải Yến.,/workspace/datdq/SignWeather/data/scene_keypoints/v116/scene_001.json
train_001758,Chào mừng quý vị đến với thông tin dự báo thời tiết đến từ biên tập viên thời tiết Ngọc Vân.,/workspace/datdq/SignWeather/data/scene_keypoints/v270/scene_001.json
train_001759,"Bây giờ, xin được chuyển sang dự báo chi tiết thời tiết cho các thành phố trong 2 ngày đầu tuần.",/workspace/datdq/SignWeather/data/scene_keypoints/v160/scene_010.json
train_001761,Chuyển sang phần dự báo trong một số thành phố trong đêm nay và ngày mai.,/workspace/datdq/SignWeather/data/scene_keypoints/v057/scene_006.json
train_001764,Còn bây giờ sẽ là những thông tin dự báo thời tiết.,/workspace/datdq/SignWeather/data/scene_keypoints/v195/scene_001.json
train_001765,Còn bây giờ xin chuyển sang các thông tin dự báo chi tiết cho một số thành phố trong đêm nay và ngày mai.,/workspace/datdq/SignWeather/data/scene_keypoints/v068/scene_007.json
train_001766,Còn tiếp theo sẽ là phần dự báo thời tiết cho một số thành phố khác trong đêm nay và ngày mai.,/workspace/datdq/SignWeather/data/scene_keypoints/v040/scene_009.json
train_001768,Và cuối bản tin sẽ là phần dự báo thời tiết cho các thành phố trong đêm nay và ngày mai.,/workspace/datdq/SignWeather/data/scene_keypoints/v012/scene_007.json
train_001769,Tiếp theo là thông tin dự báo thời tiết từ biên tập viên Thanh Tùng.,/workspace/datdq/SignWeather/data/scene_keypoints/v135/scene_001.json
train_001770,"Đây là thời điểm quý vị nên hạn chế các hoạt động ngoài trời vì dễ bị kiệt sức, xây nắng và xây nóng.",/workspace/datdq/SignWeather/data/scene_keypoints/v124/scene_002.json
train_001773,Còn tiếp theo sẽ là những thông tin dự báo thời tiết đến từ biên tập viên thời tiết Xuân Anh.,/workspace/datdq/SignWeather/data/scene_keypoints/v105/scene_001.json
train_001775,Trung tâm Dự báo Khí tượng Thủy văn Quốc gia đã đưa ra những nhận định mới nhất về mùa mưa bão.,/workspace/datdq/SignWeather/data/scene_keypoints/v219/scene_006.json
train_001776,"Tiếp theo là thông tin dự báo thời tiết liên quan đến tình hình rét đậm, rét hại tại khu vực miền Bắc.",/workspace/datdq/SignWeather/data/scene_keypoints/v174/scene_001.json
train_001778,Còn sau đây sẽ là những thông tin dự báo thời tiết đến từ biên tập viên thời tiết Hải Yến.,/workspace/datdq/SignWeather/data/scene_keypoints/v067/scene_001.json
train_001780,Tiếp theo sẽ là những thông tin về thời tiết.,/workspace/datdq/SignWeather/data/scene_keypoints/v234/scene_001.json
train_001781,Cuối cùng sẽ là phần sự báo thời tiết cho các thành phố trong 2 ngày cuối tuần.,/workspace/datdq/SignWeather/data/scene_keypoints/v175/scene_007.json
train_001783,Còn bây giờ sẽ là phần dự báo chi tiết cho các thành phố trong đêm nay và ngày mai,/workspace/datdq/SignWeather/data/scene_keypoints/v047/scene_005.json
train_001785,Chúng ta sẽ cùng chờ đợi những thông tin cập nhật từ biên tập viên Thế tiết Quỳnh Hòa.,/workspace/datdq/SignWeather/data/scene_keypoints/v049/scene_002.json
train_001787,Còn tiếp theo sẽ là những thông tin dự báo thời tiết đến từ biên tập viên thời tiết Hương Liên.,/workspace/datdq/SignWeather/data/scene_keypoints/v064/scene_001.json
train_001788,"Để giữ ấm cơ thể trong những ngày rét đậm rét hại, quý vị nên đóng kín các cửa ngăn gió lạnh vào nhà, ăn uống đủ chất, tăng cường rau xanh, trái cây và sử dụng gia vị có tính nóng như gừng, tỏi hay quế.",/workspace/datdq/SignWeather/data/scene_keypoints/v174/scene_006.json
train_001789,Còn tiếp theo sẽ là những thông tin dự báo thời tiết đến từ biên tập viên thời tiết Thanh Tùng,/workspace/datdq/SignWeather/data/scene_keypoints/v053/scene_001.json
train_001790,Cuối bản tin sẽ là phần dự báo thời tiết cho các thành phố trong đêm nay và ngày mai.,/workspace/datdq/SignWeather/data/scene_keypoints/v225/scene_006.json
train_001791,Tiếp theo là những thông tin dự báo cụ thể cho một số thành phố trong đêm nay và ngày mai.,/workspace/datdq/SignWeather/data/scene_keypoints/v015/scene_012.json
train_001792,Bây giờ thì sẽ là những thông tin dự báo thời tiết.,/workspace/datdq/SignWeather/data/scene_keypoints/v088/scene_001.json
train_001794,"Khoanh vùng có nguy cơ cao ở Quảng Nam ngay trong đêm nay đó là các huyện Đông Giang, Nam Giang, Tây Giang, Phước Sơn, Nông Sơn, Hiệp Đức,",/workspace/datdq/SignWeather/data/scene_keypoints/v030/scene_006.json
train_001796,"Ở vùng đông băng, dét đậm, dét hại có thể duy trì 3 đến 5 ngày.",/workspace/datdq/SignWeather/data/scene_keypoints/v252/scene_003.json
train_001800,"Thành phố Hội An của Quảng Nam cũng đang bị ngập. Mưa lũ tại tỉnh Quảng Nam đã làm 4 người chết, 2 người mất tích,",/workspace/datdq/SignWeather/data/scene_keypoints/v152/scene_007.json
train_001801,Những nơi có chung trạng thái khô nóng trong ngày mai của miền Bắc,/workspace/datdq/SignWeather/data/scene_keypoints/v250/scene_003.json
train_001806,Cơn mưa tiếp theo có thể sẽ quay trở lại vào ban đêm ở khu vực Bắc Bộ.,/workspace/datdq/SignWeather/data/scene_keypoints/v154/scene_003.json
train_001809,"Từ trưa đến chiều mai, trời sẽ chuyển tạnh giáo với nhiệt độ đạt 27 độ.",/workspace/datdq/SignWeather/data/scene_keypoints/v034/scene_012.json
train_001814,Với khu vực Bắc miền Trung trở ra đến miền Bắc thì cũng sẽ chuyển mưa giông trong đúng dịp nghỉ lễ,/workspace/datdq/SignWeather/data/scene_keypoints/v205/scene_006.json
train_001815,"Thành phố Hồ Chí Minh vào đêm nay thì cũng khá lạnh, nhiệt độ giảm xuống thấp nhất 20 độ",/workspace/datdq/SignWeather/data/scene_keypoints/v161/scene_010.json
train_001816,"Sau đấy, khi mà mưa đã kéo dài khoảng nửa tiếng rồi thì gió giật, xét và rông cũng sẽ giảm dần.",/workspace/datdq/SignWeather/data/scene_keypoints/v214/scene_007.json
train_001817,"Tại Quảng Nam, mưa lớn liên tục 2 ngày qua đã dứt và sáng nay tranh thủ thời tiết tuận lợi.",/workspace/datdq/SignWeather/data/scene_keypoints/v107/scene_007.json
train_001818,Dự kiến bão đổ bộ vào khu vực Thanh Hóa đến Quảng Bình trong sáng đến trưa ngày kia ngày 14 tháng 10,/workspace/datdq/SignWeather/data/scene_keypoints/v173/scene_004.json
train_001819,"là bão số 12, trên địa bàn tỉnh Bình Định, nhiều nơi mưa to đến rất to",/workspace/datdq/SignWeather/data/scene_keypoints/v188/scene_025.json
train_001821,"sông Vu Gia ở Quảng Nam hay là sông Bồ, sông Hương ở Thừa Thiên Huế thì sẽ lại lên trên mức báo động 2 cho tới dưới báo động 3.",/workspace/datdq/SignWeather/data/scene_keypoints/v014/scene_007.json
train_001822,"Thời tiết ngày hôm qua vẫn đang mưa lạnh nhỉ, hôm nay thì trời lại nắng rồi.",/workspace/datdq/SignWeather/data/scene_keypoints/v126/scene_001.json
train_001823,"Theo như dự báo thì mưa chỉ đến hết ngày 28 Tết thôi,",/workspace/datdq/SignWeather/data/scene_keypoints/v018/scene_006.json
train_001825,"Ngoài trường nói trên thì nhiều địa bàn của thành phố Đông Hà, tỉnh Quang Trị cũng bị ngập sâu trong sáng nay.",/workspace/datdq/SignWeather/data/scene_keypoints/v004/scene_002.json
train_001826,"Vâng, anh Hoàng Dương khả năng là 2 ngày tới sẽ là khoảng thời gian mà nóng nhất tại thủ đô Hà Nội và nhiều tỉnh thành của miền Bắc.",/workspace/datdq/SignWeather/data/scene_keypoints/v270/scene_003.json
train_001828,"còn từ sáng đến khoảng 15 giờ, chiều mai trời có nắng 31 độ.",/workspace/datdq/SignWeather/data/scene_keypoints/v225/scene_008.json
train_001829,Cũng như là nhiều thành phố khác của miền Bắc thì sẽ phổ biến mức nhiệt là từ 11 cho đến 18 độ,/workspace/datdq/SignWeather/data/scene_keypoints/v233/scene_002.json
train_001830,"còn buổi chiều và tối ngày thứ 2 và ngày thứ 3 đều đặn có mưa rông,",/workspace/datdq/SignWeather/data/scene_keypoints/v248/scene_014.json
train_001831,"Bắc Bộ và khu vực từ Thanh Hóa đến Hà Tĩnh sẽ chuyển dét đậm, dét hại với nhiệt độ thấp nhất là từ 8 đến 11 độ,",/workspace/datdq/SignWeather/data/scene_keypoints/v267/scene_003.json
train_001833,"Sáng nay, khi mà Âu thuyền Thọ Quang bắt đầu mở cửa để đón các tàu vào trú tránh bão thì đã có hơn 130 tàu xuyên được vào trú tránh tại Âu thuyền này, trong đó đa phần là các tàu đến từ tỉnh Quảng Ngãi.",/workspace/datdq/SignWeather/data/scene_keypoints/v109/scene_003.json
train_001838,"Tôi nghe nói là chuẩn bị miền Bắc đón không khí lạnh, thậm chí là có thể rét đậm rét hại nữa.",/workspace/datdq/SignWeather/data/scene_keypoints/v182/scene_001.json
train_001839,"Vâng, đợt không khí lạnh lần này được nhận định là nó có cường độ mạnh,",/workspace/datdq/SignWeather/data/scene_keypoints/v272/scene_002.json
train_001840,Ngày mai tạnh ráo nhiều mây 25 độ,/workspace/datdq/SignWeather/data/scene_keypoints/v112/scene_007.json
train_001841,"Thưa Chủ tịch Quỳnh Anh, miền Bắc chuẩn bị đón một đợt mưa mới,",/workspace/datdq/SignWeather/data/scene_keypoints/v018/scene_001.json
train_001843,Các nơi khác thì nhiệt độ cũng sẽ giảm từ 5 đến 8 độ.,/workspace/datdq/SignWeather/data/scene_keypoints/v196/scene_017.json
train_001847,"Các địa phương khác ở khu vực miền Trung dự kiến từ ngày mai nước sẽ rút gần hết, do đó bà con có thể tranh thủ dọn dẹp sau lũ khi thời tiết chuyển biến tạnh giáo.",/workspace/datdq/SignWeather/data/scene_keypoints/v015/scene_007.json
train_001848,Thành phố Hà Nội đêm nay không mưa 26 độ.,/workspace/datdq/SignWeather/data/scene_keypoints/v061/scene_006.json
train_001850,"Tại Sapa, đêm nay rất xét, nhiệt độ chỉ khoảng 3 độ. Ngày mai có nắng nhưng nhiệt độ tăng chậm, cao nhất 6 độ.",/workspace/datdq/SignWeather/data/scene_keypoints/v167/scene_008.json
train_001851,"Vâng, quả thật là sáng ngày hôm nay thì mưa ẩm xuất hiện ở khu vực miền Bắc lại đúng vào dịp mà mọi người đi học đi làm nên cũng khá là bất tiện.",/workspace/datdq/SignWeather/data/scene_keypoints/v067/scene_002.json
train_001852,Tuy nhiên thì chúng ta sẽ cảm thấy đỡ rét hơn bởi vì là nhiệt độ của xu hướng tăng dần.,/workspace/datdq/SignWeather/data/scene_keypoints/v167/scene_002.json
train_001854,"Do ảnh hưởng của áp thất nhiệt đới tại Quảng Bình từ đêm qua đến chiều tối nay,",/workspace/datdq/SignWeather/data/scene_keypoints/v123/scene_001.json
train_001855,"Nhưng thấy sóng to, gió lớn thì quý vị đừng nên di chuyển bằng cano hay tàu nhỏ.",/workspace/datdq/SignWeather/data/scene_keypoints/v196/scene_015.json
train_001856,"Chú ý trong các đợt sâm nhập mặn này sẽ có thời điểm mặn tăng cao đột biến do chiều cường và gió trướng,",/workspace/datdq/SignWeather/data/scene_keypoints/v246/scene_004.json
train_001858,"Đồng thời, chính quyền tỉnh cùng các đơn vị lực lượng vũ trang đang tích cực trong việc giúp bà con khắc phục hậu quả do mưa lũ.",/workspace/datdq/SignWeather/data/scene_keypoints/v098/scene_001.json
train_001859,"Ngày mưa rất là út, đáng đục, nên là dân sử dụng cũng khó.",/workspace/datdq/SignWeather/data/scene_keypoints/v177/scene_003.json
train_001861,"Có thể thấy là mưa lũ sẽ kéo dài thêm một tuần nữa,",/workspace/datdq/SignWeather/data/scene_keypoints/v127/scene_019.json
train_001862,Như vậy chúng ta có thể thấy là có cảnh báo về mưa đá.,/workspace/datdq/SignWeather/data/scene_keypoints/v018/scene_005.json
train_001867,"Trận bão tuyết lịch sử này đã khiến nhiệt độ xuống mức cực thấp ở bang Texas, đã khiến cộng đồng người Việt tại đây gặp rất nhiều khó khăn.",/workspace/datdq/SignWeather/data/scene_keypoints/v232/scene_004.json
train_001868,Còn nhiệt độ cao nhất ngày mai sẽ không vượt quá 28 độ,/workspace/datdq/SignWeather/data/scene_keypoints/v135/scene_007.json
train_001869,"Bởi vậy, rất có thể là miền Trung sẽ lại tiếp tục phải hứng chịu mưa chồng mưa, lũ chồng lũ.",/workspace/datdq/SignWeather/data/scene_keypoints/v257/scene_006.json
train_001870,"Đỉnh lũ năm nay tại miền Tây đã xuất hiện vào những ngày cuối tháng 10 và ở mức rất thấp,",/workspace/datdq/SignWeather/data/scene_keypoints/v169/scene_001.json
train_001871,Còn đối với khu vực thủ đô Hà Nội và những nơi khác thì là ít mưa hơn.,/workspace/datdq/SignWeather/data/scene_keypoints/v115/scene_005.json
train_001872,Việc tìm kiếm rất khó khăn do thời tiết bất lợi.,/workspace/datdq/SignWeather/data/scene_keypoints/v188/scene_023.json
train_001873,Tức là đêm thì rét cóng đến mức mà nếu ra ngoài thì quý vị phải mang theo những chiếc áo khoác giày.,/workspace/datdq/SignWeather/data/scene_keypoints/v116/scene_004.json
train_001876,"Thế nhưng sang đến ngày mai, trời vẫn sẽ có nắng bởi vậy nhiệt độ sẽ tăng lên khá nhanh,",/workspace/datdq/SignWeather/data/scene_keypoints/v012/scene_005.json
train_001878,Mới bắt đầu cảm nhận được gió Đông Bắc về với một chút xe lạnh,/workspace/datdq/SignWeather/data/scene_keypoints/v135/scene_004.json
train_001881,sẽ giao động trong khoảng là từ 10 cho tới là 15 độ.,/workspace/datdq/SignWeather/data/scene_keypoints/v007/scene_002.json
train_001884,"Đà Lạt đêm nay có lúc mưa giỏ nhẹ, trời rét 16 độ.",/workspace/datdq/SignWeather/data/scene_keypoints/v261/scene_013.json
train_001885,Bên cạnh đó giai đoạn này tần xuất xét đánh trong mưa rông cũng rất cao. Mới 2 ngày trước đã có 1 người ở Hà Tĩnh bị thiệt mạng do xét đánh.,/workspace/datdq/SignWeather/data/scene_keypoints/v110/scene_006.json
train_001888,Gần 170 người đã thiệt mạng ở miền đông Indonesia cuối tuần qua do lũ lụt và sạt lở đất.,/workspace/datdq/SignWeather/data/scene_keypoints/v149/scene_001.json
train_001889,Chúng ta cần phải hết sức chú ý phòng trống vì ngay trong tuần tới thì mưa dông dự báo sẽ xuất hiện ở nhiều khu vực trên cả nước.,/workspace/datdq/SignWeather/data/scene_keypoints/v215/scene_009.json
train_001891,Các điểm vùng núi cao hơn thì nhiệt độ có thể dưới 5 độ trời Z cóng.,/workspace/datdq/SignWeather/data/scene_keypoints/v193/scene_007.json
train_001902,"Trưa chiều mai mưa dứt, trời chủ đạo là nhiều mây 24 độ.",/workspace/datdq/SignWeather/data/scene_keypoints/v067/scene_010.json
train_001903,"Còn dự báo là trong 3 ngày tới thì mưa sẽ lại quay trở lại thủ đô, sát xuất mưa thì khá cao, đều ở mức trên 55%",/workspace/datdq/SignWeather/data/scene_keypoints/v230/scene_003.json
train_001905,Tuy nhiên thì vùng mưa lại đang có xu hướng là dịch dần ra phía Bắc,/workspace/datdq/SignWeather/data/scene_keypoints/v235/scene_001.json
train_001906,"Khoảng 7 đến 8 làng ở tỉnh này vẫn đang trong cảnh ngập lụt vì hệ thống thoát nước kém,",/workspace/datdq/SignWeather/data/scene_keypoints/v148/scene_008.json
train_001908,"Chị Quỳnh Hòa, ngày hôm nay đúng là thủ đô Hà Nội có một ngày tôi nghĩ là thời tiết đẹp, khi mà nắng ấm và đôi khi mà mình đi dưới đường buổi trưa này còn cảm thấy là hơi nóng nữa.",/workspace/datdq/SignWeather/data/scene_keypoints/v268/scene_001.json
train_001911,"Hiện mưa đã tạnh, sông nguy cơ sạt lở tại các vùng trụ thấp, vùng đất dốc là rất lớn.",/workspace/datdq/SignWeather/data/scene_keypoints/v004/scene_005.json
train_001920,Cảnh báo mưa bão sẽ xảy ra trước khi bão đổ bộ,/workspace/datdq/SignWeather/data/scene_keypoints/v173/scene_007.json
train_001921,Đà Nẵng đêm nay đôi lúc có mưa 24 độ,/workspace/datdq/SignWeather/data/scene_keypoints/v173/scene_011.json
train_001922,"Sáng vào trưa mai trời còn nắng gian đoạn, nhiệt độ cao nhất 33 độ",/workspace/datdq/SignWeather/data/scene_keypoints/v157/scene_015.json
train_001925,Mưa lũ trong những ngày qua cùng với ảnh hưởng của bão số 6 đổ bộ đất liền vào sáng nay,/workspace/datdq/SignWeather/data/scene_keypoints/v035/scene_006.json
train_001928,"Mờ lũ cũng đã khiến 5 xã trên địa bàn huyện Hương Khê bị chia cắt, giao thông không thể đi lại.",/workspace/datdq/SignWeather/data/scene_keypoints/v145/scene_005.json
train_001929,"Trời mưa lớn, nước dân gây ngập đường.",/workspace/datdq/SignWeather/data/scene_keypoints/v013/scene_005.json
train_001930,"Còn với miền Trung, đáng lo ngại là nắng nóng đã dài dẳng hơn nửa tháng rồi",/workspace/datdq/SignWeather/data/scene_keypoints/v058/scene_003.json
train_001931,"Hải Phòng 2 ngày đầu tuần trời năng nóng, nhiệt độ cao nhất là 36 độ.",/workspace/datdq/SignWeather/data/scene_keypoints/v270/scene_010.json
train_001932,Đến hiện tại qua ảnh mây vệ tinh cũng thấy là mây dông đang bao phủ gây mưa,/workspace/datdq/SignWeather/data/scene_keypoints/v156/scene_003.json
train_001933,"Thưa quý vị, thông tin cụ thể là trước tiên đó là ở khu vực phía Nam thì dự báo rằng là khả năng về chiều tối ngày mai sẽ xảy ra mưa giông trên diện rộng ở cả Tây Nguyên và Nam Bộ.",/workspace/datdq/SignWeather/data/scene_keypoints/v097/scene_003.json
train_001934,còn ban ngày có nắng không khí ấm lên 23-25 độ.,/workspace/datdq/SignWeather/data/scene_keypoints/v187/scene_011.json
train_001935,"Trong đó đặc biệt với quý vị, thời điểm sáng sớm ngày mai, lúc mà chúng ta thức dậy thì trời rất là rét",/workspace/datdq/SignWeather/data/scene_keypoints/v049/scene_011.json
train_001938,mưa hôm nay đã đến sớm rồi anh Dương ạ và thậm chí còn mưa to nữa.,/workspace/datdq/SignWeather/data/scene_keypoints/v038/scene_004.json
train_001939,Cao nhất không quá 25 độ.,/workspace/datdq/SignWeather/data/scene_keypoints/v111/scene_008.json
train_001940,"thì các tỉnh lại phải tiếp tục ứng phó với bão số 13, dự báo sẽ vào cuối tuần này.",/workspace/datdq/SignWeather/data/scene_keypoints/v216/scene_015.json
train_001941,lũ trên các sông cũng đang xuống dần.,/workspace/datdq/SignWeather/data/scene_keypoints/v183/scene_007.json
train_001943,Đặc biệt là khoảng thời gian từ đêm nay đến sáng ngày hôm mai thì ô nhiễm không khí sẽ có thể diễn ra nghiêm trọng hơn.,/workspace/datdq/SignWeather/data/scene_keypoints/v073/scene_002.json
train_001944,Thời gian nắng từ gần trưa cho đến chiều với nhiệt độ cao nhất ở thủ đô Hà Nội,/workspace/datdq/SignWeather/data/scene_keypoints/v202/scene_009.json
train_001945,"Thành phố Đông Hới, Quảng Bình sẽ năng nóng gai gắt trong 2 ngày tới, nhiệt độ cao 38-39 độ.",/workspace/datdq/SignWeather/data/scene_keypoints/v270/scene_011.json
train_001946,"Lúc kia, bão sẽ suy yếu dần thành áp thấp nhiệt đới rồi đi vào đất liền Quảng Ngãi tới Khánh Hòa theo hướng tây tây nam.",/workspace/datdq/SignWeather/data/scene_keypoints/v239/scene_005.json
train_001947,"Mưa lớn 23 độ, ngày mai thì mưa vừa mưa to, có gió mạnh cấp 6, giật cấp 7, cấp 8, nhiệt độ tăng lên đến mức 28 độ.",/workspace/datdq/SignWeather/data/scene_keypoints/v063/scene_009.json
train_001948,"Về diễn biến mưa lớn từ nay đến hết thứ 6, vùng đồng bằng và ven biển Bắc Bộ các tỉnh Hòa Bình, Phú Thọ, Yên Bái,",/workspace/datdq/SignWeather/data/scene_keypoints/v045/scene_003.json
train_001953,Thường về cuối mùa mưa tức là khoảng đầu tháng 11 thì bà con sẽ tích chữ nước,/workspace/datdq/SignWeather/data/scene_keypoints/v169/scene_002.json
train_001955,"Ngay trước mắt, đối với khu vực Bắc Bộ hay Bắc Trung Bộ, cảnh báo rông gió có nguy cơ cao sẽ xảy ra khoảng từ chiều tối ngày hôm nay cho chiều tối ngày mai sang đến chiều tối ngày kia,",/workspace/datdq/SignWeather/data/scene_keypoints/v215/scene_003.json
train_001957,sẽ có gió mạnh khoảng là cấp 6-8 giật cấp 10.,/workspace/datdq/SignWeather/data/scene_keypoints/v041/scene_008.json
train_001962,Mưa tối nay tối tiếng lên tới 48-72mm. Dự báo mưa sẽ còn gia tăng trong đêm nay và ngày mai xảy ra trên diện rộng ở Bắc Bộ và Thanh Hóa đến Quảng Bình.,/workspace/datdq/SignWeather/data/scene_keypoints/v110/scene_004.json
train_001963,"Dạ vâng, theo như dự báo dài hạn của chúng tôi có được thì trong tuần tới vẫn sẽ có đợt không khí lạnh tăng cường xuống nước ta anh ạ.",/workspace/datdq/SignWeather/data/scene_keypoints/v137/scene_001.json
train_001964,"Dạ vâng, cái tác động của áp thấp nhiệt đới lần này thì chủ yếu là sẽ gây mưa cho khu vực trung bộ ạ.",/workspace/datdq/SignWeather/data/scene_keypoints/v063/scene_001.json
train_001966,sẽ có gió mạnh là cấp 6 đến cấp 7,/workspace/datdq/SignWeather/data/scene_keypoints/v019/scene_002.json
train_001967,"Nay khi mà mưa chút xuống thêm thì nguy cơ cao có thể sạt lỡ đất,",/workspace/datdq/SignWeather/data/scene_keypoints/v249/scene_014.json
train_001971,Ngày mai nhiều mây 29 độ.,/workspace/datdq/SignWeather/data/scene_keypoints/v192/scene_005.json
train_001972,"Vâng, ngày đầu tiên của kỳ nghỉ lễ với khu vực miền trung và Tây Nguyên thì một số nơi đã có mưa,",/workspace/datdq/SignWeather/data/scene_keypoints/v196/scene_002.json
train_001977,"Hà Nội đêm nay dự báo tạnh giáo 21 độ, sang ngày mai mây nhiều lên, có lúc có mưa, nhiệt độ cao nhất chỉ 23 độ, trời chuyển lạnh.",/workspace/datdq/SignWeather/data/scene_keypoints/v119/scene_012.json
train_001981,Hôm nay thì cũng lạnh nhưng mà lại mưa.,/workspace/datdq/SignWeather/data/scene_keypoints/v039/scene_002.json
train_001982,đã phát tin cảnh báo sạt lở đất lũ quét cho vùng núi Ninh Thuận.,/workspace/datdq/SignWeather/data/scene_keypoints/v064/scene_002.json
train_001983,Philippines đang nỗ lực chạy đua với thời gian để giải cứu hàng nghìn người dân bị mắc kẹt trong nước lũ do bão vàm cỏ gây ra.,/workspace/datdq/SignWeather/data/scene_keypoints/v059/scene_001.json
train_001986,"Còn ở miền Đông, nhiều nơi cũng sẽ xảy ra nắng nóng như là tại thành phố Hồ Chí Minh,",/workspace/datdq/SignWeather/data/scene_keypoints/v246/scene_008.json
train_001987,Trong giai đoạn này thì bất cứ nơi nào có mưa cũng đều có khả năng xảy ra lúc xoáy và gió giật mạnh.,/workspace/datdq/SignWeather/data/scene_keypoints/v226/scene_008.json
train_001988,tuy nhiên trong cao điểm của mùa nóng thì một vài nơi có thể vẫn sẽ có những điểm nhiệt lên đến trên 40 độ.,/workspace/datdq/SignWeather/data/scene_keypoints/v011/scene_006.json
train_001991,3 điều kiện đấy khiến cho rằng tháng 10 và tháng 11 sẽ có bão liên tiếp hình thành ở trên khu vực Biển Đông.,/workspace/datdq/SignWeather/data/scene_keypoints/v127/scene_013.json
train_001995,Ai cũng mong muốn thời tiết là thuận lợi để cho hoa đạo lở đúng dịp Tết. Sau những ngày rét thì bây giờ là có những ngày lắng ấm. Sau đó có những cái đợt rét nhẹ là đúng là kiểu xu hướng của mùa xuân ý.,/workspace/datdq/SignWeather/data/scene_keypoints/v016/scene_008.json
train_001996,Cụ thể một số nơi như là Móng Cái hay là tại Ninh Bình hay là Cao Bằng thì trời nhiều mây lên và độ ẩm ghi nhận được cũng tăng lên rõ.,/workspace/datdq/SignWeather/data/scene_keypoints/v070/scene_002.json
train_001999,Nhưng mà ở miền Nam thì bắt đầu bước vào đợt nắng nóng đầu mùa.,/workspace/datdq/SignWeather/data/scene_keypoints/v175/scene_001.json
train_002001,với nhiệt độ không khí có những ngày lên đến mức từ 37-40 độ C.,/workspace/datdq/SignWeather/data/scene_keypoints/v051/scene_005.json
train_002002,"Về nhiệt độ thì lại không quá cao, không hôm nào vượt qua 32 độ, sẽ là một những ngày cuối tuần thời tiết khá là dễ chịu",/workspace/datdq/SignWeather/data/scene_keypoints/v157/scene_009.json
train_002003,"Toàn Bắc Bộ, Bắc Trung Bộ đêm nay vẫn tiếp tục chìm trong giá rét, nhiệt độ thấp nhất phổ biến khoảng 9-14 độ.",/workspace/datdq/SignWeather/data/scene_keypoints/v140/scene_011.json
train_002004,"Tại tỉnh Thừa Thiên Huế, do lũ trên các sông vẫn đang giao động ở mức cao,",/workspace/datdq/SignWeather/data/scene_keypoints/v104/scene_010.json
train_002006,tuy nhiên năm nay thời tiết lại rất nóng.,/workspace/datdq/SignWeather/data/scene_keypoints/v223/scene_001.json
train_002008,"Và đối với Sapa thì cũng tăng lên 13 độ, trời đỡ dét hơn hẳn.",/workspace/datdq/SignWeather/data/scene_keypoints/v003/scene_006.json
train_002009,"Vâng, ngày mai thì có lẽ đáng chú ý nhất sẽ là ở phía Nam vì là người dân có thể gặp bất tiện khi mà trời có mưa giông mạnh.",/workspace/datdq/SignWeather/data/scene_keypoints/v097/scene_001.json
train_002010,"Chị Xuân Anh, cả ngày hôm nay trời đã rất là oi nóng, khó chịu cả.",/workspace/datdq/SignWeather/data/scene_keypoints/v029/scene_001.json
train_002011,Và ngay ngày mai thì đây cũng là những khu vực có nhiệt độ cao nhất ở Nam Bộ là 33 đến 34 độ,/workspace/datdq/SignWeather/data/scene_keypoints/v202/scene_006.json
train_002015,"Bởi vì thưa quý vị, không khí lạnh thì vẫn đang liên tục tăng cường xuống nước ta.",/workspace/datdq/SignWeather/data/scene_keypoints/v022/scene_001.json
train_002016,"Thưa quý vị và các bạn, ngày hôm nay chính là ngày mà triều cường tại TP.HCM thì đã đạt đỉnh của đợt.",/workspace/datdq/SignWeather/data/scene_keypoints/v034/scene_001.json
train_002017,Thưa quý vị có thể thấy là màu cam đỏ của mức nhiệt 35 đến 38 độ sang tới ngày mai sẽ lan rộng hơn.,/workspace/datdq/SignWeather/data/scene_keypoints/v084/scene_005.json
train_002018,Một vài nơi ở miền Đông Nam Bộ như là Tà Lài hay Phước Long chỉ có 18-19 độ thôi,/workspace/datdq/SignWeather/data/scene_keypoints/v112/scene_004.json
train_002019,Đối với Con Tum và Gia Lai thì cũng sẽ có mưa to,/workspace/datdq/SignWeather/data/scene_keypoints/v019/scene_006.json
train_002020,"Trời tạnh giáo, nắng nhẹ, mát mẻ, nhiệt độ giữa trưa chỉ khoảng 27 độ.",/workspace/datdq/SignWeather/data/scene_keypoints/v014/scene_013.json
train_002021,Và dự báo là trong thời khắc chuyển giao sang năm mới thì tiết trời tại cả ba miền của đất nước nhiệt độ cũng sẽ khá là thấp.,/workspace/datdq/SignWeather/data/scene_keypoints/v054/scene_001.json
train_002023,"Sự báo trong ngày mai thì áp thấp nhiệt đới sẽ đi vào khu vực đất liền,",/workspace/datdq/SignWeather/data/scene_keypoints/v168/scene_005.json
train_002025,"Sáng đến chiều mai nắng nóng 35 độ. Với chiều tối mưa vài nơi nhưng vẫn cần phải đề phòng với lốc, rét, gió giật.",/workspace/datdq/SignWeather/data/scene_keypoints/v029/scene_011.json
train_002027,"Trời có nắng, có gió, không khí rất dễ chịu để bọn người tham gia vui chơi hoạt động ở ngoài trời",/workspace/datdq/SignWeather/data/scene_keypoints/v196/scene_004.json
train_002030,trời có mưa kèm theo đó là sương mù ấm ướt,/workspace/datdq/SignWeather/data/scene_keypoints/v039/scene_004.json
train_002031,"thì 2 ngày qua tại khu vực miền núi Quảng Nam lại xảy ra mưa to,",/workspace/datdq/SignWeather/data/scene_keypoints/v065/scene_002.json
train_002034,Và hiện tại qua ảnh mây vệ tinh cũng cho thấy là mây rông đang bao phủ và gây mưa,/workspace/datdq/SignWeather/data/scene_keypoints/v211/scene_002.json
train_002036,Nha Trang đêm nay cũng không mưa 26 độ.,/workspace/datdq/SignWeather/data/scene_keypoints/v215/scene_015.json
train_002039,"Sáng ngày mai nắng lên mạnh, quý vị sẽ cảm thấy nóng giác với mức nhiệt là 37 độ.",/workspace/datdq/SignWeather/data/scene_keypoints/v125/scene_009.json
train_002040,Xuất hiện những giá trị nhiệt độ thấp kỷ lục,/workspace/datdq/SignWeather/data/scene_keypoints/v043/scene_004.json
train_002041,"Với độ ẩm thấp nhất về trưa và chiều khi nắng mạnh sẽ là từ 30 đến 55%,",/workspace/datdq/SignWeather/data/scene_keypoints/v037/scene_004.json
train_002042,Đà Nẵng tới Bình Thuận và khu vực Tây Nguyên. Nhưng đến chiều tối nay thì mây dông đã dịch lên phía Bắc,/workspace/datdq/SignWeather/data/scene_keypoints/v119/scene_004.json
train_002046,Tuy nhiên là mưa cho đến hết sáng ngày mai thôi anh Dương ạ,/workspace/datdq/SignWeather/data/scene_keypoints/v157/scene_001.json
train_002047,"Một số điểm vùng núi như là ở Sơn La, Điện Biên Phổ hay là ở Lào Cai và Hà Giang thì không quá nóng từ 30 cho đến 33 độ.",/workspace/datdq/SignWeather/data/scene_keypoints/v250/scene_005.json
train_002050,Lượng mưa không lớn nhưng các huyện miền núi cũng đang chủ động có phương án để phòng chống lục bão theo phương án 4 tại chỗ để đề phòng tình trạng sạt lở đất có thể xảy ra và gây hại cho người dân.,/workspace/datdq/SignWeather/data/scene_keypoints/v080/scene_008.json
train_002051,Chỉ khoảng hơn 1 ngày nữa là bão sẽ đi vào đất liền,/workspace/datdq/SignWeather/data/scene_keypoints/v173/scene_005.json
train_002053,"Thành phố Hồ Chí Minh đêm nay có mưa rào và rông, có lúc mưa vừa mưa to 24 độ, ngày mai nắng rán đoạn 31 độ.",/workspace/datdq/SignWeather/data/scene_keypoints/v063/scene_011.json
train_002054,"sẽ tiếp tục có mưa rông, cục bộ có điểm mưa vừa mưa to trên 80mm,",/workspace/datdq/SignWeather/data/scene_keypoints/v225/scene_005.json
train_002055,Cùng với gió thì mưa cũng sẽ rồn rập hơn. Mưa sẽ trải dài xuất dọc từ khu vực Hà Tĩnh,/workspace/datdq/SignWeather/data/scene_keypoints/v168/scene_008.json
train_002056,"Tỉnh Chiết Giang gần Thượng Hải đã nâng tình trạng khẩn cấp ứng phó với bão lên bức cao nhất,",/workspace/datdq/SignWeather/data/scene_keypoints/v094/scene_003.json
train_002057,"Cùng với mưa, Thanh Hóa và phía đông Bắc Bộ, trong đó có thủ đô Hà Nội, từ đêm mai, thời sẽ trở lạnh khi nhiệt độ giảm xuống.",/workspace/datdq/SignWeather/data/scene_keypoints/v089/scene_004.json
train_002061,Bão cũng đã gây ra mưa lớn gập một số tuyến đường tại thành phố Quảng Ngãi.,/workspace/datdq/SignWeather/data/scene_keypoints/v197/scene_003.json
train_002063,Và thực tế là mưa có xu hướng gia tăng ngay từ chiều vào tối nay rồi,/workspace/datdq/SignWeather/data/scene_keypoints/v156/scene_002.json
train_002064,"Những ngày này thời tiết ở khu vực phía Nam thì có nhiều mưa, đường cũng trơn trược hơn, thế còn ở miền Bắc thì đợt này nắng khô quá.",/workspace/datdq/SignWeather/data/scene_keypoints/v224/scene_001.json
train_002068,Giao động trong khoảng nhiệt là từ 25 cho đến 28 độ,/workspace/datdq/SignWeather/data/scene_keypoints/v202/scene_010.json
train_002070,Một số nơi nằm trong vùng màu xanh đậm này tương ứng là sẽ có mưa lượng khá lên tới khoảng 50mm.,/workspace/datdq/SignWeather/data/scene_keypoints/v029/scene_005.json
train_002071,có thể là ngày mai thời tiết sẽ chuyển mưa.,/workspace/datdq/SignWeather/data/scene_keypoints/v196/scene_005.json
train_002073,Dự báo là mức nhiệt cao nhất ngày mai tại các thành phố sẽ ra động trong khoảng là từ 17 cho tới mức là 21 độ.,/workspace/datdq/SignWeather/data/scene_keypoints/v115/scene_007.json
train_002078,"Vâng, mùa rông lốc thì đúng là đã bắt đầu trên khắp cả nước rồi, tuy nhiên thì mới đầu mùa, tức là khoảng tháng 4 như hiện nay thì hai đầu đất nước sẽ là những khu vực có nguy cơ cao xảy ra các hiện tượng như anh vừa nói.",/workspace/datdq/SignWeather/data/scene_keypoints/v215/scene_002.json
train_002079,Đến 2 ngày cuối tuần thì nhiệt độ miền Bắc trong đó có thủ đô Hà Nội sẽ giảm tiếp.,/workspace/datdq/SignWeather/data/scene_keypoints/v050/scene_003.json
train_002081,"Trở ra với khu vực Bắc Bộ nằm sâu trong khối không khí lạnh khô, dự báo trong đêm nay và sáng sớm ngày mai toàn miền trời lạnh",/workspace/datdq/SignWeather/data/scene_keypoints/v199/scene_004.json
train_002082,Thậm chí là từ ngày mai sẽ còn nắng nóng hơn.,/workspace/datdq/SignWeather/data/scene_keypoints/v231/scene_001.json
train_002083,Trưa chiều mai mưa rứt trời nhiều mây với nhiệt độ không quá 27 độ,/workspace/datdq/SignWeather/data/scene_keypoints/v230/scene_006.json
train_002084,"Tuy nhiên thì đồng độ mặn chưa cao, cộng với dự báo những ngày nửa đầu tháng 1 thì sẽ xuất hiện mưa trái mùa ở Nam Bộ với tổng lượng mưa khoảng 10-25mm.",/workspace/datdq/SignWeather/data/scene_keypoints/v167/scene_006.json
train_002085,"Ở Bắc Bộ thì đêm về sáng có sương mù, trưa chiều mai trời tạnh giáo và vẫn sẽ ấm áp.",/workspace/datdq/SignWeather/data/scene_keypoints/v246/scene_011.json
train_002089,"thấp nhất trong đêm nay là 8-11 độ, Đồng Văn, Sapa hay Mậu Châu thì chỉ từ 1-4 độ thôi.",/workspace/datdq/SignWeather/data/scene_keypoints/v003/scene_004.json
train_002095,"Ngày mai nắng nóng gây gấp, nhiệt độ cao nhất 38 độ.",/workspace/datdq/SignWeather/data/scene_keypoints/v058/scene_009.json
train_002097,"Thưa chị Hải Yến, tôi thấy ngày hôm nay khi ra đường thì trời Hà Nội vẫn rất lạnh,",/workspace/datdq/SignWeather/data/scene_keypoints/v242/scene_001.json
train_002098,Tối đến đêm bầu không khí thoáng mát 25 độ.,/workspace/datdq/SignWeather/data/scene_keypoints/v253/scene_007.json
train_002099,Vùng núi có nơi trên 37 độ.,/workspace/datdq/SignWeather/data/scene_keypoints/v241/scene_003.json
train_002101,"Ngoài gió mạnh, hoàn liêu bão cũng sẽ gây mưa vừa mưa to",/workspace/datdq/SignWeather/data/scene_keypoints/v259/scene_011.json
train_002104,"TP.VN ngày mai vẫn ấm với mức nhiệt là 27 độ, từ chiều và tối mai sẽ bắt đầu có mưa, từ ngày kia trời trở dép với nhiệt độ ngày đêm chỉ khoảng là 14-16 độ.",/workspace/datdq/SignWeather/data/scene_keypoints/v160/scene_012.json
train_002106,Từ ngày hôm nay khi mà trời không còn mưa nữa thì nhiệt độ đã tăng thêm khoảng là 2 độ so với ngày hôm qua,/workspace/datdq/SignWeather/data/scene_keypoints/v178/scene_002.json
train_002107,"Các vùng trũng thấp, các khu đô thị bao gồm cả thủ đô Hà Nội thì có thể bị ngập ống.",/workspace/datdq/SignWeather/data/scene_keypoints/v044/scene_009.json
train_002108,"Ngay sau cơn bão số 7 này,",/workspace/datdq/SignWeather/data/scene_keypoints/v127/scene_007.json
train_002111,ảnh hưởng từ hoàng lưu bão số 9 là lời cảnh báo cho các địa phương vùng núi.,/workspace/datdq/SignWeather/data/scene_keypoints/v269/scene_004.json
train_002112,Dự báo vào ngày mai thì nhiệt độ sẽ tăng khoảng 3 độ so với ngày hôm nay trời lại còn có nóng nữa cho nên là đã cảm thấy là oi bức rồi.,/workspace/datdq/SignWeather/data/scene_keypoints/v244/scene_003.json
train_002113,"Dạ vâng anh Dương, cho tới thời điểm hiện tại thì bão số 7 đang di chuyển khá nhanh",/workspace/datdq/SignWeather/data/scene_keypoints/v229/scene_006.json
train_002114,Thế nhưng nhiệt độ ở nhiều nơi đã cộng từ 1 cho tới 6 độ so với ngày hôm qua.,/workspace/datdq/SignWeather/data/scene_keypoints/v084/scene_002.json
train_002119,"Trong đó thì mưa vừa, mưa to sẽ tập trung chủ yếu là ở khu vực vùng núi Bắc Bộ.",/workspace/datdq/SignWeather/data/scene_keypoints/v235/scene_007.json
train_002121,"mưa rông có thể xảy ra ở phía Bắc vào ngày 27-28 Tết, trời khá là lạnh,",/workspace/datdq/SignWeather/data/scene_keypoints/v018/scene_009.json
train_002122,"tỉnh Quảng Nam di rời khẩn cấp, phần lớn dân cư nằm trong vùng nguy hiểm, đến nơi an toàn.",/workspace/datdq/SignWeather/data/scene_keypoints/v171/scene_012.json
train_002124,Sau đó đến cuối tuần nhiệt độ có phần giảm nhẹ do là tiết trời nhiều mây và 1 hôm thì lại còn có cả mưa nhỏ nữa.,/workspace/datdq/SignWeather/data/scene_keypoints/v077/scene_002.json
train_002133,Mức nhiệt này thấp hơn những ngày trước nhưng mà vẫn gây ra cảm giác nóng vào giữa trưa chiều,/workspace/datdq/SignWeather/data/scene_keypoints/v178/scene_006.json
train_002135,Đà Nẵng dự báo đêm nay sáng mai sẽ có lúc có mưa trời lạnh 21 độ,/workspace/datdq/SignWeather/data/scene_keypoints/v228/scene_005.json
train_002140,Thì mức nhiệt phổ biến tại đây là từ 25 cho đến 26 độ,/workspace/datdq/SignWeather/data/scene_keypoints/v047/scene_003.json
train_002143,"Thủ đô Hà Nội vẫn duy trì tiết trời khô giáo, đêm nay khá lạnh, nhiệt độ thấp nhất là 20 độ,",/workspace/datdq/SignWeather/data/scene_keypoints/v163/scene_012.json
train_002144,"tới cả khu vực đồng bằng, trong đó có thủ đô Hà Nội sẽ có mưa vừa mưa to",/workspace/datdq/SignWeather/data/scene_keypoints/v074/scene_006.json
train_002147,Các vùng trụng thấp cần đề phòng với nguy cơ có thể tái ngập úng.,/workspace/datdq/SignWeather/data/scene_keypoints/v249/scene_017.json
train_002148,"Đến ngày mai 22 tháng 3, nhiệt độ ở Lào Cai tiếp tục giảm thấp hơn.",/workspace/datdq/SignWeather/data/scene_keypoints/v106/scene_005.json
train_002149,trở xuống đến Quảng Ngãi với mức nhiệt là khoảng từ 35 đến 37 độ.,/workspace/datdq/SignWeather/data/scene_keypoints/v011/scene_003.json
train_002153,Đình lũ có thể lên mức báo động 2 đến trên báo động 3 gây ngập lụt các vùng trũng thấp.,/workspace/datdq/SignWeather/data/scene_keypoints/v061/scene_004.json
train_002154,"Sang ngày mai, gần như là toàn bộ miền Bắc vẫn nằm trong vùng màu vàng khô trên bản đồ trường ấm này,",/workspace/datdq/SignWeather/data/scene_keypoints/v003/scene_002.json
train_002155,"Vâng, đáng chú ý đó chính là ngay ngày mai thôi thì bắc bộ của chúng ta sẽ rất nóng anh Dương ạ.",/workspace/datdq/SignWeather/data/scene_keypoints/v058/scene_001.json
train_002159,"Tại Hà Nội dự báo trời vẫn lất thất mưa trong đêm nay, ngày mai.",/workspace/datdq/SignWeather/data/scene_keypoints/v151/scene_011.json
train_002160,"Thành phố Hồ Chí Minh đêm nay tạnh giáo 23 độ. Sáng ngày mai và buổi trưa nắng đẹp, nhiệt độ cao nhất 32 độ. Chiều tối mưa trái mùa quay trở lại, chủ yếu là mưa rào ngắt cổ ắng rất nhanh.",/workspace/datdq/SignWeather/data/scene_keypoints/v016/scene_017.json
train_002161,nên cảnh giác khi có những trận mưa kéo dài và mưa lớn,/workspace/datdq/SignWeather/data/scene_keypoints/v030/scene_003.json
train_002162,"Tuy nhiên, các chuyên gia khí tượng đánh giá là cường độ hoạt động không mạnh mẽ và mãnh liệt bằng năm ngoái.",/workspace/datdq/SignWeather/data/scene_keypoints/v207/scene_002.json
train_002165,Lượng mưa phổ biến là từ 50-120mm và có nơi có thể là trên 150mm.,/workspace/datdq/SignWeather/data/scene_keypoints/v151/scene_007.json
train_002169,Sự kiến đợt rét rộng lần này sẽ kéo dài đến hết ngày Chủ nhật,/workspace/datdq/SignWeather/data/scene_keypoints/v103/scene_005.json
train_002171,cũng có khả năng mưa tuyết và băng giá trong đợt này.,/workspace/datdq/SignWeather/data/scene_keypoints/v009/scene_007.json
train_002173,"Với những diễn biến mưa lũ phức tạp ở nhiều vùng miền trên cả nước thì số trận mưa lớn cực đoan ngày càng gia tăng,",/workspace/datdq/SignWeather/data/scene_keypoints/v079/scene_001.json
train_002174,Nhiều phòng viên Thu Hiền vừa chia sẻ thì lúc này tại thủ đô Hà Nội trời đã bắt đầu trở rét và ảnh hưởng trực tiếp đến tình hình đi lại của người dân.,/workspace/datdq/SignWeather/data/scene_keypoints/v049/scene_001.json
train_002178,Nhiều nơi nằm trong vùng nằm trong thang cảnh báo màu cam cho đến màu đỏ tức là ở mức kém cho tới mức xấu.,/workspace/datdq/SignWeather/data/scene_keypoints/v073/scene_001.json
train_002179,"Bản đồ dự báo mưa cho thấy đêm nay ở Tây Nguyên và Nam Bộ sẽ ngớt mưa, vùng màu xanh chỉ xuất hiện lát đát,",/workspace/datdq/SignWeather/data/scene_keypoints/v078/scene_004.json
train_002181,Thật ra thì chúng ta cũng đã có 1-2 ngày là thời tiết se se lạnh rồi,/workspace/datdq/SignWeather/data/scene_keypoints/v043/scene_001.json
train_002183,"Tại Quảng Nam chẳng hạn, ngoài Ngập Úng thì nhiều huyện ở vùng núi cũng đã bị sạt lở nghiêm trọng.",/workspace/datdq/SignWeather/data/scene_keypoints/v261/scene_003.json
train_002184,"Chú ý trong các đợt sâm nhập mặn này sẽ có thời điểm mặn tăng cao đột biến do chiều cường và gió trướng,",/workspace/datdq/SignWeather/data/scene_keypoints/v246/scene_005.json
train_002185,"Còn lại ở miền Tây thì dịu hơn, giao động trong khoảng là từ 30 cho đến 32 độ",/workspace/datdq/SignWeather/data/scene_keypoints/v202/scene_007.json
train_002186,Khả năng đây sẽ là một trong những cơn bão ảnh hưởng trực tiếp mạnh nhất trong vòng 20 năm qua tại khu vực này.,/workspace/datdq/SignWeather/data/scene_keypoints/v041/scene_006.json
train_002190,"Ngày mai nắng nóng gai gấp, nhiệt độ lên đến 37 độ.",/workspace/datdq/SignWeather/data/scene_keypoints/v076/scene_011.json
train_002195,"Vùng nguy hiểm trên Biển Đông trong 24 giờ tới với gió mạnh cấp 6,",/workspace/datdq/SignWeather/data/scene_keypoints/v013/scene_003.json
train_002196,nhưng nhiệt độ lại rất cao lên tới 37-38 độ.,/workspace/datdq/SignWeather/data/scene_keypoints/v040/scene_003.json
train_002197,thì ngày mai nhiệt độ cao nhất cũng sẽ đạt ở ngưỡng là từ 22 cho tới 26 độ tức là cảm giác ấm cũng sẽ giống khu vực đồng bằng ven biển.,/workspace/datdq/SignWeather/data/scene_keypoints/v268/scene_004.json
train_002199,Tây Nguyên thì với địa hình cao trời sẽ còn trở rét và nhiệt độ thấp nhất tại các thành phố tại đây thì sẽ không vượt quá ngưỡng là 18 độ.,/workspace/datdq/SignWeather/data/scene_keypoints/v054/scene_004.json
train_002200,Ban đêm trời oi bức 31 độ.,/workspace/datdq/SignWeather/data/scene_keypoints/v250/scene_008.json
train_002201,Còn phía Đông trong đó có thủ đô Hà Nội thì phổ biến từ 31-33 độ.,/workspace/datdq/SignWeather/data/scene_keypoints/v236/scene_005.json
train_002203,"Nguy cơ mưa còn kèm theo cả tố lốc, sấm xét hay là gió giật mạnh nữa.",/workspace/datdq/SignWeather/data/scene_keypoints/v097/scene_005.json
train_002205,"Mưa nhiều về đêm, đến ngày mai trời miền Bắc đan xen có khoảng tạnh ráo nhiều mây,",/workspace/datdq/SignWeather/data/scene_keypoints/v195/scene_007.json
train_002206,"Như vậy là có thể nói thời tiết ở miền Bắc trong dịp Tết này hoàn toàn là nắng ấm, trời chỉ dép nhẹ về đêm và sáng sớm khi mà nhiệt độ giảm xuống,",/workspace/datdq/SignWeather/data/scene_keypoints/v126/scene_007.json
train_002207,Thực tế thì sáng nay một số nơi ở khu vực vùng núi đã có mưa,/workspace/datdq/SignWeather/data/scene_keypoints/v115/scene_003.json
train_002208,Chúng tôi đánh giá đây là một đợt không khí lạnh mạnh và có khả năng gây ra cái đợt rét đậm rét hại đầu tiên của mùa đông năm nay,/workspace/datdq/SignWeather/data/scene_keypoints/v049/scene_007.json
train_002214,"Ở vùng Bikol thì nước ở các con sông đang dâng cao, gây vỡ đê,",/workspace/datdq/SignWeather/data/scene_keypoints/v001/scene_006.json
train_002215,"cho tới Quảng Nam, lũ có thể dâng cao lên mức là từ báo động 2 cho tới báo động 3",/workspace/datdq/SignWeather/data/scene_keypoints/v249/scene_016.json
train_002217,"Nhận độ cũng sẽ tăng lên, cao nhất ở thủ đô Hà Nội và hầu khắp các nơi khác là từ 29 cho tới 32 độ",/workspace/datdq/SignWeather/data/scene_keypoints/v157/scene_007.json
train_002220,thì một vùng thấp và 3 cơn bão đã bắt đầu xuất hiện ảnh hưởng tới khu vực đất liền miền Trung.,/workspace/datdq/SignWeather/data/scene_keypoints/v127/scene_009.json
train_002222,Mưa cùng với không khí lạnh sẽ tìm giữ nền nhiệt ở Bắc Bộ và Thanh Hóa.,/workspace/datdq/SignWeather/data/scene_keypoints/v057/scene_005.json
train_002227,"Nhiệt độ cao nhất ở một số nơi như là thủ đô Hà Nội, thành phố Ninh Bình hay Hải Phòng",/workspace/datdq/SignWeather/data/scene_keypoints/v043/scene_008.json
train_002228,"hạn chế đi lại ở những nơi vừa bị sạt,",/workspace/datdq/SignWeather/data/scene_keypoints/v183/scene_012.json
train_002232,"Trời âm u, đi ngoài đường cảm giác xe lạnh và không thể thiếu những chiếc áo khoác mỏng.",/workspace/datdq/SignWeather/data/scene_keypoints/v088/scene_004.json
train_002234,"Thành phố Đà Nẵng mưa rông về chiều tối,",/workspace/datdq/SignWeather/data/scene_keypoints/v038/scene_016.json
train_002235,bởi dự báo những khu vực này tiếp tục có mưa lớn.,/workspace/datdq/SignWeather/data/scene_keypoints/v261/scene_007.json
train_002237,Ở khu vực miền Tây thì nhiệt độ cũng khá cao,/workspace/datdq/SignWeather/data/scene_keypoints/v053/scene_009.json
train_002240,"Nguy cơ cao xảy ra sẵn ở đất lũ quét ở vùng núi, ngập úng ở vùng trũng thấp và các khu đô thị gần biển.",/workspace/datdq/SignWeather/data/scene_keypoints/v119/scene_008.json
train_002247,Nhưng mà năm nay thì đến muộn hơn và khả năng là đến cuối tuần này thì mới có một đợt nắng nóng tại khu vực Nam Bộ,/workspace/datdq/SignWeather/data/scene_keypoints/v202/scene_002.json
train_002248,Nhật độ thấp nhất ở Bắc Trung Bộ từ 11-14 độ.,/workspace/datdq/SignWeather/data/scene_keypoints/v151/scene_005.json
train_002249,"Trong đợt mưa lũ, những ngày vừa qua, người dân Hà Tĩnh và chính quyền địa phương",/workspace/datdq/SignWeather/data/scene_keypoints/v127/scene_022.json
train_002250,"Dự báo sang ngày mai, dù trời vẫn nhiều mây nhưng do không khí lạnh suy yếu,",/workspace/datdq/SignWeather/data/scene_keypoints/v088/scene_005.json
train_002251,Và trong cả tháng thì sẽ có 2 đến 3 đợt không khí lạnh tràn xuống,/workspace/datdq/SignWeather/data/scene_keypoints/v043/scene_003.json
train_002257,"Thành phố Đà Nẵng đêm nay có lúc có mưa nhỏ, nhiệt độ thấp nhất là 24 độ, và sáng ngày mai trời tạnh giáo, có nắng với nhiệt độ cao nhất đạt 28 độ.",/workspace/datdq/SignWeather/data/scene_keypoints/v015/scene_014.json
train_002258,"Ngày hôm nay tôi thấy Hà Nội khá là dễ chịu, trời có mưa",/workspace/datdq/SignWeather/data/scene_keypoints/v043/scene_006.json
train_002259,"Nhiệt độ chính vì thế sẽ giảm đáng kể và quý vị sẽ cảm thấy hơi xe lạnh,",/workspace/datdq/SignWeather/data/scene_keypoints/v248/scene_008.json
train_002260,đặc biệt là khu vực Bắc miền Trung trong vòng 2 ngày trở lại đây thì mưa lớn,/workspace/datdq/SignWeather/data/scene_keypoints/v225/scene_001.json
train_002261,Bởi vì trong các năm Lanina thì trên Biển Đông sẽ có nhiều bão,/workspace/datdq/SignWeather/data/scene_keypoints/v127/scene_010.json
train_002262,Và cơn bão này hình thành ở vĩ độ thấp và có khả năng sẽ ảnh hưởng về phía khu vực Trung và Nam Trung Bộ,/workspace/datdq/SignWeather/data/scene_keypoints/v127/scene_008.json
train_002263,Hôm nay con mặc đam áo nhưng mà trời vẫn ra lạnh.,/workspace/datdq/SignWeather/data/scene_keypoints/v166/scene_009.json
train_002264,Tối và đêm trời xe lạnh 20-22 độ.,/workspace/datdq/SignWeather/data/scene_keypoints/v088/scene_012.json
train_002266,tương ứng với vùng màu xanh lá mạ này thì lượng mưa có thể vượt 100mm.,/workspace/datdq/SignWeather/data/scene_keypoints/v018/scene_004.json
train_002267,"Ngày mai trời tạnh giáo, trưa chiều có nắng ấm, mức nhiệt 21 độ.",/workspace/datdq/SignWeather/data/scene_keypoints/v012/scene_010.json
train_002268,"Vâng, tỉnh Lào Cai là một trong những địa phương chịu ảnh hưởng của đợt rét đậm rét hại này anh Dương ạ và sẽ còn rét trong một thời gian nữa.",/workspace/datdq/SignWeather/data/scene_keypoints/v140/scene_002.json
train_002269,Thời tiết Nam Bộ cũng cần đề phòng với mũi vằn vì chiều tối mưa rông còn sáng đến chiều lại nắng mạnh.,/workspace/datdq/SignWeather/data/scene_keypoints/v068/scene_004.json
train_002270,"Còn ở Phú Yên và Ninh Thuận thì mưa lũ cũng đã gây ngập ở nhiều tuyến đường,",/workspace/datdq/SignWeather/data/scene_keypoints/v261/scene_004.json
train_002271,Dự báo là trong 2 ngày cuối tuần thì khả năng xảy ra băng giá ở Mẫu Sơn thì cũng vẫn ở mức thấp,/workspace/datdq/SignWeather/data/scene_keypoints/v200/scene_003.json
train_002272,Ngay ngày mai anh Tuấn Dương sẽ thấy là Bắc Bộ lại tăng nhiệt trở lại,/workspace/datdq/SignWeather/data/scene_keypoints/v043/scene_007.json
train_002273,Lượng mưa phổ biến là khoảng từ 50-100mm và có nhiều nơi lượng mưa có thể lên,/workspace/datdq/SignWeather/data/scene_keypoints/v074/scene_002.json
train_002276,Và trên bản đồ trường gió này thì nhìn rất rõ là những dòng gió Tây Nam thì màu đậm và dày xít.,/workspace/datdq/SignWeather/data/scene_keypoints/v115/scene_002.json
train_002277,"Vâng, theo dự báo thì chúng ta chuẩn bị bước vào một đợt mưa trên diện rộng và lượng thì cũng rất là to",/workspace/datdq/SignWeather/data/scene_keypoints/v180/scene_003.json
train_002280,Nay lại có thêm mưa nữa thì lo ngại nhất đó là các hiện tượng về lũ quét và xà lở đất.,/workspace/datdq/SignWeather/data/scene_keypoints/v044/scene_010.json
train_002281,"Dự báo tình trạng mưa lũ còn kéo dài và diễn biến phức tạp,",/workspace/datdq/SignWeather/data/scene_keypoints/v188/scene_021.json
train_002282,Và sau những ngày mưa lớn thì lũ lên và đã gây ra nhiều thiệt hại cho các tỉnh thành ở khu vực này.,/workspace/datdq/SignWeather/data/scene_keypoints/v261/scene_002.json
train_002284,"Nhật độ thấp nhất ở Bắc Bộ thì phổ biến là 9-12 độ, vùng núi là 4-7 độ,",/workspace/datdq/SignWeather/data/scene_keypoints/v151/scene_004.json
train_002286,"sẽ có mưa nhỏ, mưa phủn",/workspace/datdq/SignWeather/data/scene_keypoints/v039/scene_007.json
train_002289,"Mặc dù hiện tại thời tiết vẫn đang mưa, nhưng người dân vẫn không có nước sạch để dùng.",/workspace/datdq/SignWeather/data/scene_keypoints/v177/scene_002.json
train_002291,"Trạng thái thì có thay đổi, nhưng nhiệt độ ít thay đổi, vẫn là ở mức 24 độ.",/workspace/datdq/SignWeather/data/scene_keypoints/v126/scene_006.json
train_002292,"Ngay bây giờ sẽ là diễn biến về bão số 10, mặc dù là đã suy yếu đáng kể sau khi vào Biển Đông,",/workspace/datdq/SignWeather/data/scene_keypoints/v001/scene_001.json
train_002294,"Miền Trung đang trong thời kỳ cao điểm của mưa lũ và cả sạt lở đất sau Thực thiên Huế, Quảng Trị",/workspace/datdq/SignWeather/data/scene_keypoints/v030/scene_001.json
train_002295,"Có khả năng xảy ra hiện tượng băng giá, mưa tuyết hoặc là sương múi",/workspace/datdq/SignWeather/data/scene_keypoints/v220/scene_012.json
train_002297,"Trận mưa đá với lượng đá rất dày, nhiều hạt đá to từ 2-3 cm,",/workspace/datdq/SignWeather/data/scene_keypoints/v155/scene_002.json
train_002299,Những độ ở đây thì đều rất là cao 37 đến 38 độ và độ ẩm trong không khí đều dưới mức 50%.,/workspace/datdq/SignWeather/data/scene_keypoints/v250/scene_004.json
train_002300,"Ngoài dông xét, các hiện tượng thời tiết cực đoan trong đó có sự gia tăng nhiệt độ bất thường do ảnh hưởng của biến đổi khí hậu cũng ngày một rõ ràng hơn.",/workspace/datdq/SignWeather/data/scene_keypoints/v185/scene_002.json
train_002305,Còn trước đó trong 3 ngày tới thì người dân tại khu vực Nam Bộ cũng sẽ cảm nhận được là thời tiết nóng dần từng ngày,/workspace/datdq/SignWeather/data/scene_keypoints/v202/scene_004.json
train_002312,Nhưng thời tiết ở miền Bắc lại chưa thực sự nóng như là mọi năm chúng ta tưởng tượng.,/workspace/datdq/SignWeather/data/scene_keypoints/v011/scene_001.json
train_002314,Quý vị sẽ thấy là hoàn lưu phía Tây của áp thấp nhiệt đới thì đã gây mưa cho nhiều nơi,/workspace/datdq/SignWeather/data/scene_keypoints/v044/scene_004.json
train_002315,Thời tiết trong tuần tới thì cũng không mây dễ chịu và chuyển hẳn từ mưa rông sang nắng nóng.,/workspace/datdq/SignWeather/data/scene_keypoints/v244/scene_002.json
train_002316,"Hồi 7h ngày 27 tháng 12, quan chắc được nhiệt độ thấp nhất ở một số nơi như thành phố Lào Cai là 14,2 độ C,",/workspace/datdq/SignWeather/data/scene_keypoints/v140/scene_004.json
train_002317,Vâng anh Dương! Trong đợt nắng nóng lần này ở Bắc Bộ và Trung Bộ thì không phải chỗ nào cũng nắng rát và nóng khô.,/workspace/datdq/SignWeather/data/scene_keypoints/v040/scene_001.json
train_002319,Thành phố Đà Nẵng đêm nay có mưa to đến rất to 24 độ.,/workspace/datdq/SignWeather/data/scene_keypoints/v061/scene_005.json
train_002320,"Chị Quỳnh Anh, hôm qua thì trời lạnh nhưng mà khô.",/workspace/datdq/SignWeather/data/scene_keypoints/v039/scene_001.json
train_002321,"Trong những ngày tới, tỉnh Quảng Nam tiếp tục có mưa to đến rất to, canh báo nguy cơ sát lợ ở vùng núi",/workspace/datdq/SignWeather/data/scene_keypoints/v145/scene_004.json
train_002323,Hiện tại trên ảnh mây vệ tinh thì mây rông vẫn đang bao phủ nhiều tỉnh thành.,/workspace/datdq/SignWeather/data/scene_keypoints/v195/scene_003.json
train_002325,Với thủ đô Hà Nội thì đêm và sáng sớm có sương mù nhiệt độ thấp nhất là 17 độ.,/workspace/datdq/SignWeather/data/scene_keypoints/v073/scene_006.json
train_002326,"Với lượng mưa đặc biệt lớn như vậy nên nhiều hồ chứa thủy điện, công trình thủy lợi đã xả nước điều tiết.",/workspace/datdq/SignWeather/data/scene_keypoints/v188/scene_010.json
train_002331,"Không biết trong đêm nay và ngày mai dông xét sẽ xảy ra như thế nào, còn nguy hiểm hay không?",/workspace/datdq/SignWeather/data/scene_keypoints/v165/scene_001.json
train_002332,"Lượng mưa ở vùng trọng tâm mưa, đó là Hà Tĩnh đến Thừa Thiên Huế",/workspace/datdq/SignWeather/data/scene_keypoints/v207/scene_004.json
train_002333,"tại Thừa Thiên Huế cũng như nhiều tỉnh, thành khắc của khu vực Trung Bộ thì mưa lớn sẽ quay trở lại.",/workspace/datdq/SignWeather/data/scene_keypoints/v201/scene_001.json
train_002334,vừa phải tăng cường các giải pháp phòng chống khi dự báo nước lũ tiếp tục dâng cào.,/workspace/datdq/SignWeather/data/scene_keypoints/v129/scene_005.json
train_002336,"Dạ vâng, ngày hôm nay thì Nam Bộ rất là nắng nóng để có thể biết được mức độ ngày hôm nay ra sao.",/workspace/datdq/SignWeather/data/scene_keypoints/v175/scene_002.json
train_002337,"Thời tiết Hà Nội cũng như miền Bắc ngày hôm nay tôi thấy là lúc nắng lúc mưa, lúc trời rất nhiều mây.",/workspace/datdq/SignWeather/data/scene_keypoints/v253/scene_001.json
train_002339,"Những ngày qua trên địa bàn của tỉnh Quảng Ngãi xảy ra một số vụ rông xét đánh làm nhiều người bị thương, cây cối ngã đổ.",/workspace/datdq/SignWeather/data/scene_keypoints/v005/scene_001.json
train_002340,"TP.Huế cũng mưa giả dích từ đêm nay cho đến ngày mai, nhiệt độ thấp nhất khoảng 23 độ, cao nhất là 29 độ.",/workspace/datdq/SignWeather/data/scene_keypoints/v022/scene_007.json
train_002343,"Tại thủ đô Hà Nội dự báo sáng sớm mai có sương mùi nhẹ, khung khí dịu mát 25 độ.",/workspace/datdq/SignWeather/data/scene_keypoints/v084/scene_009.json
train_002346,"Mặc dù bây giờ trên địa bàn tỉnh Quảng Trị đã hết mưa, trời cũng đã có hẹn nắng lên.",/workspace/datdq/SignWeather/data/scene_keypoints/v055/scene_004.json
train_002348,như ở Lý Sơn là đã có gió bão mạnh cấp 9 giật đến cấp 12,/workspace/datdq/SignWeather/data/scene_keypoints/v249/scene_002.json
train_002349,"Theo thống kê trên thế giới, kích thước các hạt mưa đá có thể từ 0,5cm cho tới hơn chục cm, tương ứng với đó là hạt đậu và to dần cho đến quả bóng.",/workspace/datdq/SignWeather/data/scene_keypoints/v214/scene_003.json
train_002351,Như vậy là đợt rét lần này sẽ diễn ra cả ngày lẫn đêm và nên nhiệt độ khá thấp,/workspace/datdq/SignWeather/data/scene_keypoints/v049/scene_009.json
train_002354,Sau khi vượt qua đảo này thì bão sẽ giảm xuống cấp 9 giật cấp 11 vào dạng sáng ngày kia ngày 14 tháng 10,/workspace/datdq/SignWeather/data/scene_keypoints/v173/scene_003.json
train_002356,Nhiệt độ thực tế mà chúng tôi ghi nhận được trong lều khí tượng đây khoảng là 3 độ.,/workspace/datdq/SignWeather/data/scene_keypoints/v075/scene_003.json
train_002357,"Và đây cũng là những nơi có nguy cơ cao xảy ra lốc, xét và gió giật mạnh trong cơn mưa",/workspace/datdq/SignWeather/data/scene_keypoints/v156/scene_009.json
train_002358,"Tầm 30 phút đến 1 tiếng, lượng không lớn nhưng dễ kèm theo gió giật và sấm xét nguy hiểm.",/workspace/datdq/SignWeather/data/scene_keypoints/v040/scene_007.json
train_002361,Đà Lạt dự báo 2 ngày tới mưa chỉ dày ra vài nơi về chiều tối và rất nhanh.,/workspace/datdq/SignWeather/data/scene_keypoints/v137/scene_007.json
train_002362,Chúng tôi khuyến cáo người dân là đảm bảo an toàn trong quá trình ở những nơi sống chung với lũ,/workspace/datdq/SignWeather/data/scene_keypoints/v127/scene_021.json
train_002363,Và chiều tối mai cảnh báo mưa sông nhiệt như vậy vẫn có thể tiếp tục xảy ra ở cả Trung Bộ và Tây Nguyên,/workspace/datdq/SignWeather/data/scene_keypoints/v217/scene_003.json
train_002364,Đáng chú ý là hiện nay ngoài khơi Philippines xuất hiện cơn bão vàm cỏ.,/workspace/datdq/SignWeather/data/scene_keypoints/v188/scene_002.json
train_002366,Sáng ngày mai nắng lên liên tục nhiệt độ tăng lên cao nhất 29 độ,/workspace/datdq/SignWeather/data/scene_keypoints/v230/scene_007.json
train_002368,"Và hiện tại thì không khí lạnh đang di chuyển xuống rồi ạ, tuy nhiên với tốc độ khá là chậm.",/workspace/datdq/SignWeather/data/scene_keypoints/v248/scene_002.json
train_002371,Chúng ta đang ở trong một chuỗi ngày nắng ấm kéo dài rồi,/workspace/datdq/SignWeather/data/scene_keypoints/v049/scene_010.json
train_002372,"Đà Nẵng đêm nay không khí dự hơn nhờ có gió biển thổi đều đẳn, 27 độ, sáng đến chiều mai trời lại nắng nóng gai gắt, 38 độ.",/workspace/datdq/SignWeather/data/scene_keypoints/v124/scene_004.json
train_002373,"Thời tiết ngày hôm nay có thể thấy có sự biến chuyển không còn hanh khô nữa, trời lạnh hơn, nhiều gió hơn và nhiều mây hơn nữa",/workspace/datdq/SignWeather/data/scene_keypoints/v228/scene_001.json
train_002374,"Mưa lớn và nước lũ do 3 thủy điện lớn gồm Đắk Mi 4, Sông Bông 4 và A Vương",/workspace/datdq/SignWeather/data/scene_keypoints/v035/scene_011.json
train_002378,có những lúc nhiệt độ lên cao 34 độ.,/workspace/datdq/SignWeather/data/scene_keypoints/v018/scene_012.json
train_002380,"Như tại thủ đô Hà Nội, nhiệt độ 4 ngày tới ở mức là 32 độ",/workspace/datdq/SignWeather/data/scene_keypoints/v139/scene_005.json
train_002385,Thành phố Đà Nẵng đêm nay không mưa trời mát mức nhiệt 24 độ,/workspace/datdq/SignWeather/data/scene_keypoints/v165/scene_006.json
train_002387,"Sang ngày mai nắng liên tục nhiệt độ tăng nhanh, cao nhất 24 độ",/workspace/datdq/SignWeather/data/scene_keypoints/v228/scene_006.json
train_002388,"Cả Nẵng 2 ngày đầu tuần vẫn nắng ráo, nhiệt độ giữ ở mức vừa phải,",/workspace/datdq/SignWeather/data/scene_keypoints/v248/scene_011.json
train_002389,Đến ngày thứ 5 không khí lạnh mới tăng cường mạnh hơn và nhiệt độ ban ngày sẽ không vượt quá 18 độ và trời chuyển dép.,/workspace/datdq/SignWeather/data/scene_keypoints/v016/scene_011.json
train_002391,"Chiều cường xuất hiện đúng lúc TP.HCM có mưa trái mùa, do đó có khả năng gây ngập úng tại những tuyến đường trũng thấp ven sông.",/workspace/datdq/SignWeather/data/scene_keypoints/v160/scene_009.json
train_002392,"Sau đó thì đến ngày thứ 2, sau khi mà không khí lạnh tràn xuống thì thời tiết tại đây sẽ hoàn toàn thay đổi",/workspace/datdq/SignWeather/data/scene_keypoints/v182/scene_004.json
train_002394,"Thành phố Đà Nẵng đêm nay có lúc mưa rào, lạnh lạnh với mức nhiệt là 20 độ.",/workspace/datdq/SignWeather/data/scene_keypoints/v033/scene_006.json
train_002395,"Anh Tùng, chiều nay ở Hà Nội thì mưa, gió sớm xét. Không biết có phải do ảnh hưởng của áp thấp nhiệt đới không?",/workspace/datdq/SignWeather/data/scene_keypoints/v044/scene_002.json
train_002398,thì hiện nay từ đầu năm đến giờ thì ở khu vực đồng bằng sông Cửu Long đã trải qua tổng cộng là 4 đợt sâm nhập mặn.,/workspace/datdq/SignWeather/data/scene_keypoints/v246/scene_002.json
train_002401,"Thưa quý vị và các bạn, thời tiết Lào Cai đang có diễn biến phức tạp. Trời có mưa tuy đã giảm về diện và lượng.",/workspace/datdq/SignWeather/data/scene_keypoints/v140/scene_003.json
train_002402,"Ở Bắc Bộ vẫn duy trì kiểu ngày nắng đêm dét, dự báo nhiệt độ thấp nhất đêm nay ở thủ đô Hà Nội",/workspace/datdq/SignWeather/data/scene_keypoints/v170/scene_006.json
train_002403,ở khu vực Nam Trung Bộ và Nam Bộ là 150-300mm một đợt.,/workspace/datdq/SignWeather/data/scene_keypoints/v038/scene_008.json
train_002404,"Vâng, trong đợt này thì người ta đang chú ý khá nhiều về tình hình chiều cường ở khu vực Nam Bộ.",/workspace/datdq/SignWeather/data/scene_keypoints/v012/scene_002.json
train_002405,"Với thành phố Huế, đêm nay và ngày mai có mưa bão, gió mạnh cấp 6, cấp 9, dật cấp 12,",/workspace/datdq/SignWeather/data/scene_keypoints/v249/scene_018.json
train_002407,"Vâng, vẫn tiếp tục có mưa lớn ở những khu vực này.",/workspace/datdq/SignWeather/data/scene_keypoints/v261/scene_001.json
train_002408,Từ Tâm Kỳ ra đến huyện Thăng Bình thì có 2 điểm ngập sau thế này và các phương tiện giao thông hiện tại không lưu thông được.,/workspace/datdq/SignWeather/data/scene_keypoints/v080/scene_005.json
train_002409,"Bão số 6 đổ bộ vào đất liền đã ảnh hưởng lớn đến các tỉnh Quảng Nam,",/workspace/datdq/SignWeather/data/scene_keypoints/v129/scene_003.json
train_002411,"Tại TP.HCM, đêm nay trời tạnh giáo với mức nhiệt 25 độ, còn từ sáng đến chiều mai trời nắng khá nóng với nhiệt độ đạt 34 độ.",/workspace/datdq/SignWeather/data/scene_keypoints/v034/scene_007.json
train_002413,"Vâng, khả năng là mưa vẫn sẽ còn tiếp tục xảy ra ở Hà Nội cũng như nhiều nơi khác.",/workspace/datdq/SignWeather/data/scene_keypoints/v105/scene_003.json
train_002414,"Hôm nay mặc áo khoác dày hơn, trời lạnh hơn.",/workspace/datdq/SignWeather/data/scene_keypoints/v088/scene_002.json
train_002415,"tỉnh Phú Yên không còn mưa, thậm chí có thời điểm có nắng,",/workspace/datdq/SignWeather/data/scene_keypoints/v183/scene_005.json
train_002418,"Một số nhà dân đã bị tốc mái, chiều cường đã làm sạt lở khu vực bờ biển",/workspace/datdq/SignWeather/data/scene_keypoints/v249/scene_006.json
train_002420,Sáng nay do ảnh hưởng của mưa bão số 2 tại Hà Nội thì các em học sinh đi thi vào lớp 10 trong phổ thông đã phải rất là vất vả mới có thể đến được trường thi.,/workspace/datdq/SignWeather/data/scene_keypoints/v244/scene_001.json
train_002421,"Mưa lớn kéo dài ảnh hưởng tới gần 1,7 triệu cư dân và hơn 120.000 người đã phải đi sơ tán.",/workspace/datdq/SignWeather/data/scene_keypoints/v148/scene_010.json
train_002422,tình hình mưa lũ tiếp tục kéo dài và diễn biến phức tạp.,/workspace/datdq/SignWeather/data/scene_keypoints/v144/scene_004.json
train_002423,Hiện nay thì mức nước lũ tại các địa phương của tỉnh Quảng Nam đang xuống châm.,/workspace/datdq/SignWeather/data/scene_keypoints/v243/scene_003.json
train_002425,"Huế dự báo đêm nay có lúc có mưa nhỏ, gia tăng cảm giác dét, nhiệt độ vào khoảng 15 độ.",/workspace/datdq/SignWeather/data/scene_keypoints/v003/scene_008.json
train_002426,"trong đó các sông phía nam của Quảng Bình và Quảng Trị sẽ lên mức báo động 1 đến báo động 2,",/workspace/datdq/SignWeather/data/scene_keypoints/v238/scene_008.json
train_002433,Trong sự báo là ở miền Bắc thì chỉ còn nắng ấm và tăng nhiệt trong nốt ngày mai thôi. Bởi là sang tới đầu tuần mới sẽ có thêm 2 đợt không khí lạnh tăng cường xuống.,/workspace/datdq/SignWeather/data/scene_keypoints/v016/scene_009.json
train_002438,"Trong đó thì ở Mường La, Vinh hay Đồng Hới thì đều là những nơi lên mức nắng nóng 35 cho tới 38 độ.",/workspace/datdq/SignWeather/data/scene_keypoints/v084/scene_003.json
train_002439,Ngày mai trời có nắng vào trưa chiều 27 độ.,/workspace/datdq/SignWeather/data/scene_keypoints/v036/scene_015.json
train_002441,"Đó là nhiệt và ẩm thì đều cao, trời thì nhiều mây và có những khoảng lặng gió.",/workspace/datdq/SignWeather/data/scene_keypoints/v237/scene_002.json
train_002442,Nhiệt độ cao nhất cho chiều mai thì vẫn phổ biến trong khoảng là từ 20 cho đến 22 độ,/workspace/datdq/SignWeather/data/scene_keypoints/v047/scene_001.json
train_002443,Bên cạnh đó thì mưa cấp tập có thể gây ra một đợt lũ trên các sông.,/workspace/datdq/SignWeather/data/scene_keypoints/v249/scene_015.json
train_002444,"và cái lượng mưa sẽ rất là lớn tập trung ở các tỉnh từ Hà Tĩnh cho đến Quảng Nam, Quảng Ngãi.",/workspace/datdq/SignWeather/data/scene_keypoints/v249/scene_004.json
train_002447,Trong đó ở khu vực phía Tây Bắc Bộ thì là những nơi có khả năng cao xảy ra lốc xét,/workspace/datdq/SignWeather/data/scene_keypoints/v165/scene_002.json
train_002448,Và trong đó thì sẽ có những nơi lượng mưa có thể là vượt qua 250mm.,/workspace/datdq/SignWeather/data/scene_keypoints/v063/scene_004.json
train_002449,"dưới nắng nóng, nhiệt độ trong xe có thể tăng rất là cao.",/workspace/datdq/SignWeather/data/scene_keypoints/v150/scene_002.json
train_002451,"Vâng, khả năng rằng là trong đêm nay thì băng giá vẫn có thể sẽ xuất hiện ở vùng núi cao",/workspace/datdq/SignWeather/data/scene_keypoints/v161/scene_002.json
train_002455,Còn người dân miền Nam đang đối diện với những ngày mưa.,/workspace/datdq/SignWeather/data/scene_keypoints/v038/scene_003.json
train_002456,"Và lưu ý với quý vị là khi ra ngoài cần phải mặc thật ấm, nhất là với các vị trí như là đầu, chân tay và cổ",/workspace/datdq/SignWeather/data/scene_keypoints/v049/scene_012.json
train_002457,thì thời tiết có nhiều xáo động so với tuần này hay không ạ?,/workspace/datdq/SignWeather/data/scene_keypoints/v156/scene_001.json
train_002461,"Theo dõi trên ảnh mây vệ tinh ngay sau đây thì quý vị cũng có thể thấy rõ là mây sông đang xuất hiện ở khu vực vùng núi của Nghệ An, Hà Tĩnh",/workspace/datdq/SignWeather/data/scene_keypoints/v217/scene_002.json
train_002462,Bây giờ chúng ta cùng tiếp tục chương trình với những thông tin thời tiết cùng với biên tập viên Hương Liên.,/workspace/datdq/SignWeather/data/scene_keypoints/v154/scene_001.json
train_002463,Đầu tiên thì tôi sẽ cập nhật về tình hình mưa tại đây.,/workspace/datdq/SignWeather/data/scene_keypoints/v081/scene_001.json
train_002464,"Chị Duân Anh, Hà Nội ngày hôm nay có vẻ nhiều mây hơn, độ ẩm chắc có lẽ cũng cải thiện so với mấy hôm vừa rồi nhỉ?",/workspace/datdq/SignWeather/data/scene_keypoints/v070/scene_001.json
train_002466,Và khi mà đến những vùng cao thì quý vị chú ý là hãy mặc thật là ấm và đừng quên là trang bị cả những cái đôi ủng để có thể đảm bảo an toàn khi mà di chuyển trên đường trơn trượt.,/workspace/datdq/SignWeather/data/scene_keypoints/v023/scene_002.json
train_002467,Còn tiếp theo sẽ là những thông tin dự báo chi tiết cho các thành phố trong 2 ngày đầu tuần.,/workspace/datdq/SignWeather/data/scene_keypoints/v151/scene_010.json
train_002470,Rõ ràng là ngày hôm nay chúng ta thấy là thời tiết đã có một sự chuyển biến rất là rõ so với hôm qua.,/workspace/datdq/SignWeather/data/scene_keypoints/v176/scene_001.json
train_002471,Sau đây là những thông tin dự báo thời tiết và chuẩn bị có đợt một không khí lạnh sắp tràn xuống miền Bắc và không tin cụ thể như thế nào thì chúng ta cùng chờ đợi những thông tin cập nhật về tình hình không khí lạnh từ anh Thanh Tùng.,/workspace/datdq/SignWeather/data/scene_keypoints/v082/scene_001.json
train_002473,"Đó là tình hình ở Bắc Bộ, không biết là tình trạng sâm nhập mặn ở phía Nam diễn biến đến thời điểm này ra sao thưa chị Quỳnh Anh?",/workspace/datdq/SignWeather/data/scene_keypoints/v167/scene_005.json
train_002475,Còn đối với miền Bắc hay là miền Trung thì thời tiết lại khá thuận lợi trong việc đi lại của người dân. Anh Quốc Anh ạ!,/workspace/datdq/SignWeather/data/scene_keypoints/v097/scene_002.json
train_002476,"Còn bây giờ sẽ là những thông tin dự báo thời tiết. Hôm nay Hà Nội chuyển nắng rồi, trời có vẻ nóng hơn.",/workspace/datdq/SignWeather/data/scene_keypoints/v084/scene_001.json
train_002477,Thưa quý vị khán giả thông thường thì phải tháng 11 tháng 12 mới bắt đầu có những đợt không khí lạnh mạnh tràn xuống,/workspace/datdq/SignWeather/data/scene_keypoints/v220/scene_001.json
train_002478,"Ngoài ra, bà con nên chuẩn bị thuyền, phao, bè mảng hay là vật nổi",/workspace/datdq/SignWeather/data/scene_keypoints/v105/scene_006.json
train_002479,"Sông thời tiết tại khu vực đảo Hòn Mê đang hứng nắng, gió nhẹ, thuận lợi cho công tác cứu hộ cứu nạn.",/workspace/datdq/SignWeather/data/scene_keypoints/v085/scene_002.json
train_002480,"Vâng anh Dương, các nơi khác ở miền Bắc thì cũng có thời tiết đương tự như thủ đô Hà Nội.",/workspace/datdq/SignWeather/data/scene_keypoints/v226/scene_002.json
train_002481,"Quý vị ở các khu vực này cần cảnh giác,",/workspace/datdq/SignWeather/data/scene_keypoints/v183/scene_011.json
train_002484,Phụ huynh cần chú ý giữ ấm hơn cho con em mình bởi dự báo đợt Z này sẽ còn kéo dài.,/workspace/datdq/SignWeather/data/scene_keypoints/v166/scene_011.json
train_002485,"Thưa quý vị, những ngày vừa qua, dù không có mưa lớn nhưng tuyến quốc lộ 40B liên tục bị sạt lở nhiều đoạn, khiến chất giao thông thường xuyên bị ách tắt.",/workspace/datdq/SignWeather/data/scene_keypoints/v245/scene_001.json
train_002486,"Thưa quý vị, ngay từ tối nay đến sáng mai thôi thì có thể là xuất hiện một số huyện miền núi cần chú ý đến sạt lở đất.",/workspace/datdq/SignWeather/data/scene_keypoints/v000/scene_001.json
train_002487,Tuy nhiên sau đây tôi muốn mời Chị Xuân Anh cùng quý vị khán giả,/workspace/datdq/SignWeather/data/scene_keypoints/v161/scene_001.json
train_002488,Tôi sẽ cập nhật thông tin cụ thể đến Anh Dương cũng như quý vị khán giả qua biểu đồ nhiệt ngay sau đây.,/workspace/datdq/SignWeather/data/scene_keypoints/v160/scene_003.json
train_002489,"Chào chị Hương Liên, như vậy là sau chuỗi ngày nắng nóng gai gắt thì ngày hôm nay Hà Nội đã có một ngày tôi nghĩ là rất là dễ thở",/workspace/datdq/SignWeather/data/scene_keypoints/v226/scene_001.json
train_002491,Còn ngay sau đây chúng tôi sẽ được chuyển sang phần cập nhật những thông tin dự báo chi tiết cho các thành phố trong 2 ngày cuối tuần.,/workspace/datdq/SignWeather/data/scene_keypoints/v250/scene_006.json
train_002492,Còn tiếp theo sẽ là những thông tin dự báo thời tiết cho những ngày sắp tới,/workspace/datdq/SignWeather/data/scene_keypoints/v146/scene_001.json
train_002493,Và trong thời điểm mùa mưa bão như thế này thì bảy con tàu này sẽ được bố trí ứng trực,/workspace/datdq/SignWeather/data/scene_keypoints/v229/scene_002.json
train_002494,"Vâng, dự báo là đêm nay và sáng sớm ngày mai thì đỉnh Mậu Sơn cũng như là các đỉnh núi cao khác của miền Bắc",/workspace/datdq/SignWeather/data/scene_keypoints/v075/scene_005.json
train_002497,"Tiếp tục đến những nội dung về thời tiết, thưa quý vị, mùa đông năm nay thì đến sớm hơn trung bình nhiều năm tới gần 1 tháng.",/workspace/datdq/SignWeather/data/scene_keypoints/v252/scene_001.json
train_002498,"Tiếp theo sẽ là phần dự báo ở khu vực Bắc Miền Trung, từ Thanh Hóa cho tới Thừa Thiên Huế, những ngày Tết thời tiết ít có sự trình lệch nhiệt độ giữa các ngày,",/workspace/datdq/SignWeather/data/scene_keypoints/v126/scene_008.json
train_002502,Và thưa quý vị như là tại thành phố Hồ Chí Minh thì theo dự báo là đến Chủ nhật tuần này,/workspace/datdq/SignWeather/data/scene_keypoints/v202/scene_003.json
train_002503,"Còn bây giờ sẽ là những thông tin dự báo thời tiết, chị Quỳnh Hoa tôi nghe nói là Hà Nội chuẩn bị đón không khí lạnh",/workspace/datdq/SignWeather/data/scene_keypoints/v193/scene_001.json
train_002504,Với cách phối đồ như thế này thì đến buổi trưa trời ấm lên trẻ có thể cởi bớt các lớp áo.,/workspace/datdq/SignWeather/data/scene_keypoints/v012/scene_006.json
train_002505,Còn tiếp theo sẽ là những thông tin dự báo cụ thể cho một số thành phố trong đêm nay và ngày mai.,/workspace/datdq/SignWeather/data/scene_keypoints/v073/scene_005.json
train_002507,"Dạ vâng ạ, có lẽ là những ngày tới thì thời tiết vẫn đang khá là ổn định.",/workspace/datdq/SignWeather/data/scene_keypoints/v116/scene_002.json
train_002508,Từ thời điểm này trở đi thì thời tiết sẽ còn trở nên nguy hiểm hơn.,/workspace/datdq/SignWeather/data/scene_keypoints/v041/scene_004.json
